date,generation_mwh,capacity_mw,capacity_factor,fc_temp_c,fc_humidity_pct,fc_wind_ms,fc_cloud_pct,fc_radiation_mj_m2,generation_missing,used_as_sample,split
2019-01-01,168.21,176.769,0.03965,1.3,80,5.75,78,5.22,0,0,train
2019-01-02,208.31,176.769,0.0491,1.0,75,5.08,55,8.7,0,0,train
2019-01-03,735.16,176.769,0.17329,0.7,80,2.6,22,12.12,0,0,train
2019-01-04,145.74,176.769,0.03435,1.7,82,1.8,48,6.25,0,0,train
2019-01-05,456.84,176.769,0.10768,3.3,81,3.24,40,8.09,0,0,train
2019-01-06,719.03,176.769,0.16948,1.8,78,3.81,37,11.84,0,0,train
2019-01-07,668.74,176.769,0.15763,0.9,87,2.16,27,11.25,0,0,train
2019-01-08,421.02,176.769,0.09924,2.9,81,4.67,58,7.39,0,0,train
2019-01-09,428.45,176.769,0.10099,1.1,64,3.72,64,8.31,0,0,train
2019-01-10,387.54,176.769,0.09135,2.9,77,3.53,43,8.28,0,0,train
2019-01-11,164.36,176.769,0.03874,3.8,79,1.9,54,8.25,0,0,train
2019-01-12,523.04,176.769,0.12329,5.4,88,3.4,62,8.4,0,0,train
2019-01-13,516.24,176.769,0.12168,3.4,86,3.35,40,7.37,0,0,train
2019-01-14,667.81,176.769,0.15741,1.0,82,2.04,49,12.38,0,0,train
2019-01-15,552.76,176.769,0.13029,3.1,75,5.17,48,11.76,0,1,train
2019-01-16,347.81,176.769,0.08198,-0.6,77,5.76,70,9.31,0,1,train
2019-01-17,289.15,176.769,0.06816,1.3,71,5.05,41,10.12,0,1,train
2019-01-18,804.2,176.769,0.18956,1.5,79,2.21,21,12.63,0,1,train
2019-01-19,88.88,176.769,0.02095,5.5,73,3.01,22,10.62,0,1,train
2019-01-20,521.38,176.769,0.1229,3.9,79,6.93,53,9.53,0,1,train
2019-01-21,710.55,176.769,0.16749,1.9,74,5.37,50,13.01,0,1,train
2019-01-22,634.01,176.769,0.14944,3.2,74,3.81,26,12.86,0,1,train
2019-01-23,780.84,176.769,0.18405,4.1,73,4.49,0,14.04,0,1,train
2019-01-24,882.62,176.769,0.20804,1.6,77,2.76,0,14.25,0,1,train
2019-01-25,534.77,176.769,0.12605,0.4,81,4.41,49,9.91,0,1,train
2019-01-26,682.22,176.769,0.16081,-0.2,71,6.98,51,9.72,0,1,train
2019-01-27,891.09,176.769,0.21004,0.5,79,2.74,9,14.52,0,1,train
2019-01-28,372.59,176.769,0.08782,3.6,74,5.46,41,10.32,0,1,train
2019-01-29,711.73,176.769,0.16776,1.5,76,2.23,11,14.71,0,1,train
2019-01-30,198.8,176.769,0.04686,4.2,77,1.95,48,10.89,0,1,train
2019-01-31,74.25,176.769,0.0175,1.6,82,5.25,63,3.27,0,1,train
2019-02-01,526.53,182.222,0.1204,0.6,70,6.14,32,14.03,0,1,train
2019-02-02,560.55,182.222,0.12817,4.6,70,2.61,10,15.28,0,1,train
2019-02-03,158.1,182.222,0.03615,11.5,86,7.77,53,8.99,0,1,train
2019-02-04,954.13,182.222,0.21817,3.1,67,4.38,21,15.77,0,1,train
2019-02-05,832.8,182.222,0.19043,5.0,58,2.83,41,15.4,0,1,train
2019-02-06,521.89,182.222,0.11933,8.7,74,2.58,37,13.69,0,1,train
2019-02-07,132.89,182.222,0.03039,3.5,84,4.38,65,3.4,0,1,train
2019-02-08,718.54,182.222,0.1643,-0.7,66,3.63,67,13.59,0,1,train
2019-02-09,334.76,182.222,0.07655,-0.6,74,5.68,80,10.11,0,1,train
2019-02-10,313.16,182.222,0.07161,-0.6,70,3.29,45,11.31,0,1,train
2019-02-11,316.69,182.222,0.07241,-0.2,73,5.48,59,13.49,0,1,train
2019-02-12,885.01,182.222,0.20237,0.1,69,2.22,31,16.46,0,1,train
2019-02-13,957.99,182.222,0.21905,1.7,66,3.21,34,16.96,0,1,train
2019-02-14,446.29,182.222,0.10205,1.6,63,2.06,45,13.1,0,1,train
2019-02-15,115.61,182.222,0.02644,2.5,79,3.25,59,6.53,0,1,train
2019-02-16,377.36,182.222,0.08629,1.0,77,6.32,77,11.15,0,1,train
2019-02-17,767.9,182.222,0.17559,0.7,74,4.44,56,16.34,0,1,train
2019-02-18,193.17,182.222,0.04417,3.4,74,1.76,81,6.14,0,1,train
2019-02-19,329.53,182.222,0.07535,8.0,94,4.39,87,4.72,0,1,train
2019-02-20,608.53,182.222,0.13915,3.6,82,3.64,43,12.82,0,1,train
2019-02-21,792.67,182.222,0.18125,3.5,70,2.61,63,16.68,0,1,train
2019-02-22,212.51,182.222,0.04859,4.8,85,2.51,77,3.94,0,1,train
2019-02-23,824.35,182.222,0.18849,5.7,73,2.93,55,17.08,0,1,train
2019-02-24,967.29,182.222,0.22118,6.8,66,2.81,28,18.45,0,1,train
2019-02-25,972.57,182.222,0.22239,4.7,76,3.1,47,18.11,0,1,train
2019-02-26,1024.03,182.222,0.23415,4.5,65,2.34,33,18.74,0,1,train
2019-02-27,93.06,182.222,0.02128,7.5,81,2.53,77,8.04,0,1,train
2019-02-28,570.6,182.222,0.13047,6.6,72,2.81,30,17.54,0,1,train
2019-03-01,907.08,195.303,0.19352,4.5,76,3.01,58,18.09,0,1,train
2019-03-02,164.51,195.303,0.0351,7.4,72,3.09,75,8.58,0,1,train
2019-03-03,168.28,195.303,0.0359,8.5,85,2.96,78,5.27,0,1,train
2019-03-04,705.67,195.303,0.15055,6.5,84,3.64,45,12.9,0,1,train
2019-03-05,504.71,195.303,0.10768,6.3,61,1.81,66,12.76,0,1,train
2019-03-06,493.04,195.303,0.10519,7.1,78,3.17,55,10.81,0,1,train
2019-03-07,1022.85,195.303,0.21822,5.0,83,5.34,44,17.97,0,1,train
2019-03-08,1114.46,195.303,0.23776,3.9,69,2.01,19,20.64,0,1,train
2019-03-09,382.02,195.303,0.0815,8.1,74,4.06,83,8.96,0,1,train
2019-03-10,127.77,195.303,0.02726,8.9,95,5.97,80,2.85,0,1,train
2019-03-11,779.32,195.303,0.16626,6.6,76,4.65,44,17.76,0,1,train
2019-03-12,1005.28,195.303,0.21447,7.6,65,6.26,30,20.97,0,1,train
2019-03-13,1190.47,195.303,0.25398,4.0,54,6.32,7,21.45,0,1,train
2019-03-14,654.61,195.303,0.13966,5.6,56,2.62,49,17.69,0,1,train
2019-03-15,878.86,195.303,0.1875,7.0,55,5.75,9,20.75,0,1,train
2019-03-16,1084.48,195.303,0.23137,6.7,54,5.07,10,21.54,0,1,train
2019-03-17,1168.5,195.303,0.24929,7.8,59,3.77,22,22.11,0,1,train
2019-03-18,346.72,195.303,0.07397,7.4,61,1.83,79,12.24,0,1,train
2019-03-19,1101.84,195.303,0.23507,8.8,58,2.57,14,22.08,0,1,train
2019-03-20,290.53,195.303,0.06198,13.4,61,7.97,66,13.67,0,1,train
2019-03-21,551.94,195.303,0.11775,9.5,87,6.75,69,15.56,0,1,train
2019-03-22,1153.95,195.303,0.24619,3.6,70,5.46,44,20.08,0,1,train
2019-03-23,1013.19,195.303,0.21616,4.3,62,6.02,36,21.92,0,1,train
2019-03-24,1224.51,195.303,0.26124,3.4,59,3.35,24,23.17,0,1,train
2019-03-25,347.36,195.303,0.07411,5.8,48,1.99,65,11.46,0,1,train
2019-03-26,1089.55,195.303,0.23245,11.2,49,4.57,8,23.17,0,1,train
2019-03-27,1133.63,195.303,0.24185,15.1,35,7.24,32,23.3,0,1,train
2019-03-28,818.33,195.303,0.17459,13.0,63,2.26,69,19.43,0,1,train
2019-03-29,988.13,195.303,0.21081,11.0,64,2.06,43,22.84,0,1,train
2019-03-30,907.92,195.303,0.1937,8.7,61,5.23,40,21.21,0,1,train
2019-03-31,1121.41,195.303,0.23925,4.1,53,7.72,37,23.09,0,1,train
2019-04-01,1214.27,201.483,0.25111,5.3,57,5.2,5,24.23,0,1,train
2019-04-02,1160.18,201.483,0.23993,6.3,66,3.33,41,23.94,0,1,train
2019-04-03,1287.14,201.483,0.26618,5.2,61,3.14,28,24.99,0,1,train
2019-04-04,1115.15,201.483,0.23061,6.8,58,2.12,51,23.03,0,1,train
2019-04-05,1110.03,201.483,0.22955,11.5,58,4.12,30,23.74,0,1,train
2019-04-06,1092.75,201.483,0.22598,12.7,58,2.2,16,24.68,0,1,train
2019-04-07,863.76,201.483,0.17863,15.8,66,3.85,28,19.81,0,1,train
2019-04-08,1139.55,201.483,0.23566,11.7,62,1.59,29,23.17,0,1,train
2019-04-09,458.34,201.483,0.09478,12.7,79,7.52,76,8.73,0,1,train
2019-04-10,257.02,201.483,0.05315,9.1,95,5.0,84,9.93,0,1,train
2019-04-11,400.08,201.483,0.08274,7.8,89,2.31,82,8.28,0,1,train
2019-04-12,1286.73,201.483,0.2661,8.7,68,2.66,27,25.82,0,1,train
2019-04-13,988.94,201.483,0.20451,9.5,58,1.97,40,17.47,0,1,train
2019-04-14,519.43,201.483,0.10742,10.0,82,3.19,69,10.71,0,1,train
2019-04-15,1318.5,201.483,0.27267,9.0,57,2.41,27,26.46,0,1,train
2019-04-16,912.25,201.483,0.18865,12.9,52,3.13,81,18.97,0,1,train
2019-04-17,654.38,201.483,0.13533,12.8,80,2.21,42,16.47,0,1,train
2019-04-18,1239.84,201.483,0.2564,13.9,60,1.6,27,25.91,0,1,train
2019-04-19,975.18,201.483,0.20167,14.5,71,2.35,25,22.74,0,1,train
2019-04-20,1187.05,201.483,0.24548,15.6,77,2.47,16,22.53,0,1,train
2019-04-21,1037.9,201.483,0.21464,15.7,69,1.86,58,18.93,0,1,train
2019-04-22,1055.83,201.483,0.21835,17.3,68,2.94,58,19.69,0,1,train
2019-04-23,312.51,201.483,0.06463,17.0,84,7.27,73,7.38,0,1,train
2019-04-24,517.47,201.483,0.10701,18.4,85,3.73,56,17.44,0,1,train
2019-04-25,550.91,201.483,0.11393,14.1,94,2.26,75,14.15,0,1,train
2019-04-26,572.26,201.483,0.11834,9.7,87,6.06,69,17.71,0,1,train
2019-04-27,871.61,201.483,0.18025,10.4,76,3.96,65,24.61,0,1,train
2019-04-28,405.0,201.483,0.08375,11.6,73,3.42,75,11.24,0,1,train
2019-04-29,250.93,201.483,0.05189,14.4,95,2.89,87,4.99,0,1,train
2019-04-30,388.79,201.483,0.0804,13.2,94,1.9,86,11.55,0,1,train
2019-05-01,860.71,205.629,0.17441,12.4,84,3.4,69,20.88,0,1,train
2019-05-02,1341.6,205.629,0.27185,13.1,53,4.07,5,28.03,0,1,train
2019-05-03,1313.11,205.629,0.26608,16.5,40,2.84,0,27.94,0,1,train
2019-05-04,1054.11,205.629,0.21359,16.2,41,1.75,63,22.51,0,1,train
2019-05-05,1223.59,205.629,0.24794,18.0,39,2.47,56,25.93,0,1,train
2019-05-06,1318.37,205.629,0.26714,11.5,62,3.9,56,27.21,0,1,train
2019-05-07,1343.79,205.629,0.27229,10.6,68,2.55,36,25.96,0,1,train
2019-05-08,997.88,205.629,0.2022,12.1,55,1.93,72,21.0,0,1,train
2019-05-09,1268.87,205.629,0.25711,13.2,52,1.84,52,25.26,0,1,train
2019-05-10,1235.41,205.629,0.25033,14.3,55,1.66,42,26.46,0,1,train
2019-05-11,1258.46,205.629,0.255,14.9,52,1.68,38,27.17,0,1,train
2019-05-12,1173.53,205.629,0.23779,17.4,52,1.96,52,26.5,0,1,train
2019-05-13,486.89,205.629,0.09866,18.6,67,1.68,73,18.68,0,1,train
2019-05-14,955.84,205.629,0.19368,18.8,81,2.36,67,18.52,0,1,train
2019-05-15,1191.93,205.629,0.24152,19.0,64,2.46,72,24.41,0,1,train
2019-05-16,1052.35,205.629,0.21324,19.2,70,4.48,64,21.83,0,1,train
2019-05-17,527.69,205.629,0.10693,17.9,83,7.53,81,9.02,0,1,train
2019-05-18,385.36,205.629,0.07809,20.0,90,10.22,50,17.46,0,1,train
2019-05-19,411.98,205.629,0.08348,20.2,88,7.56,65,18.57,0,1,train
2019-05-20,704.19,205.629,0.14269,15.0,82,4.7,58,20.45,0,1,train
2019-05-21,1382.18,205.629,0.28007,15.2,55,4.4,30,29.12,0,1,train
2019-05-22,1252.47,205.629,0.25379,19.3,37,4.89,16,28.65,0,1,train
2019-05-23,1255.93,205.629,0.25449,22.0,40,5.73,1,28.68,0,1,train
2019-05-24,1217.13,205.629,0.24663,24.2,30,6.0,18,28.41,0,1,train
2019-05-25,1152.33,205.629,0.2335,23.3,33,2.48,84,23.8,0,1,train
2019-05-26,445.6,205.629,0.09029,19.7,57,4.55,93,14.75,0,1,train
2019-05-27,131.0,205.629,0.02654,19.7,87,7.9,79,12.98,0,1,train
2019-05-28,1363.35,205.629,0.27626,14.6,74,4.05,74,21.28,0,1,train
2019-05-29,1295.43,205.629,0.26249,19.7,36,3.49,31,28.88,0,1,train
2019-05-30,947.04,205.629,0.1919,20.2,40,2.0,67,19.19,0,1,train
2019-05-31,408.94,205.629,0.08286,15.9,71,2.45,64,15.05,0,1,train
2019-06-01,1117.5,209.912,0.22182,16.9,68,1.89,80,20.76,0,1,train
2019-06-02,919.28,209.912,0.18247,17.6,61,1.39,71,19.39,0,1,train
2019-06-03,1242.33,209.912,0.2466,18.7,54,1.52,59,27.31,0,1,train
2019-06-04,665.63,209.912,0.13212,19.7,84,1.68,33,19.54,0,1,train
2019-06-05,1259.15,209.912,0.24994,20.3,76,1.36,26,27.76,0,1,train
2019-06-06,645.24,209.912,0.12808,21.3,78,3.86,73,20.16,0,1,train
2019-06-07,513.68,209.912,0.10196,18.5,93,7.52,89,9.52,0,1,train
2019-06-08,335.77,209.912,0.06665,18.2,90,3.24,78,11.59,0,1,train
2019-06-09,998.16,209.912,0.19813,18.6,75,2.51,45,24.63,0,1,train
2019-06-10,846.87,209.912,0.1681,17.7,80,2.63,41,19.49,0,1,train
2019-06-11,848.05,209.912,0.16833,17.1,84,2.35,39,18.21,0,1,train
2019-06-12,1055.41,209.912,0.20949,16.9,83,1.89,56,25.72,0,1,train
2019-06-13,958.32,209.912,0.19022,17.8,77,2.74,56,26.51,0,1,train
2019-06-14,254.42,209.912,0.0505,17.6,94,3.95,81,7.66,0,1,train
2019-06-15,1165.35,209.912,0.23132,17.4,90,4.43,58,21.99,0,1,train
2019-06-16,1078.0,209.912,0.21398,17.4,84,3.93,56,24.88,0,1,train
2019-06-17,1102.69,209.912,0.21888,19.1,73,1.71,59,22.43,0,1,train
2019-06-18,423.75,209.912,0.08411,19.1,84,1.31,82,7.78,0,1,train
2019-06-19,898.73,209.912,0.17839,19.9,80,2.24,48,21.84,0,1,train
2019-06-20,978.23,209.912,0.19417,20.0,79,1.28,69,20.66,0,1,train
2019-06-21,1067.17,209.912,0.21183,20.1,80,1.5,38,23.55,0,1,train
2019-06-22,708.28,209.912,0.14059,19.8,84,1.48,66,15.12,0,1,train
2019-06-23,783.1,209.912,0.15544,19.1,83,2.46,31,19.06,0,1,train
2019-06-24,1195.4,209.912,0.23728,19.4,80,2.0,28,26.14,0,1,train
2019-06-25,1170.48,209.912,0.23234,20.5,70,4.54,69,23.12,0,1,train
2019-06-26,189.9,209.912,0.03769,21.6,91,3.91,93,4.67,0,1,train
2019-06-27,693.78,209.912,0.13771,22.5,89,2.3,63,18.4,0,1,train
2019-06-28,948.8,209.912,0.18833,21.6,83,1.08,49,20.28,0,1,train
2019-06-29,127.8,209.912,0.02537,23.6,88,5.15,74,5.65,0,1,train
2019-06-30,509.38,209.912,0.10111,21.8,87,2.22,63,13.18,0,1,train
2019-07-01,461.14,219.952,0.08736,21.3,82,1.41,67,14.08,0,1,train
2019-07-02,478.39,219.952,0.09062,20.8,86,1.51,80,13.05,0,1,train
2019-07-03,563.18,219.952,0.10669,19.9,80,2.03,90,10.24,0,1,train
2019-07-04,1220.9,219.952,0.23128,21.2,80,1.63,70,26.18,0,1,train
2019-07-05,867.12,219.952,0.16426,22.0,63,1.94,63,20.23,0,1,train
2019-07-06,870.89,219.952,0.16498,21.4,77,3.83,17,27.41,0,1,train
2019-07-07,522.0,219.952,0.09889,21.1,85,5.72,50,23.13,0,1,train
2019-07-08,369.28,219.952,0.06995,19.2,94,4.71,66,8.26,0,1,train
2019-07-09,292.5,219.952,0.05541,19.5,95,3.89,80,5.91,0,1,train
2019-07-10,142.85,219.952,0.02706,20.7,97,5.38,85,3.59,0,1,train
2019-07-11,1001.18,219.952,0.18966,21.2,90,5.01,58,18.58,0,1,train
2019-07-12,834.77,219.952,0.15813,21.4,83,2.39,73,21.27,0,1,train
2019-07-13,282.31,219.952,0.05348,19.1,94,2.32,85,4.48,0,1,train
2019-07-14,1112.71,219.952,0.21079,20.9,90,2.01,70,13.59,0,1,train
2019-07-15,943.7,219.952,0.17877,21.7,78,1.43,42,20.15,0,1,train
2019-07-16,1051.06,219.952,0.19911,23.0,73,2.58,34,25.28,0,1,train
2019-07-17,451.76,219.952,0.08558,23.0,84,3.55,84,11.91,0,1,train
2019-07-18,218.11,219.952,0.04132,24.2,92,4.77,97,4.64,0,1,train
2019-07-19,141.99,219.952,0.0269,25.0,92,7.44,90,3.15,0,1,train
2019-07-20,135.39,219.952,0.02565,24.9,88,9.86,76,9.02,0,1,train
2019-07-21,1046.74,219.952,0.19829,25.5,79,4.24,64,16.77,0,1,train
2019-07-22,749.22,219.952,0.14193,26.0,84,2.14,67,10.64,0,1,train
2019-07-23,947.15,219.952,0.17942,25.9,79,2.78,73,18.53,0,1,train
2019-07-24,492.35,219.952,0.09327,26.5,76,4.26,72,15.36,0,1,train
2019-07-25,580.26,219.952,0.10992,27.1,81,1.87,48,15.5,0,1,train
2019-07-26,682.73,219.952,0.12933,27.4,78,3.0,63,16.63,0,1,train
2019-07-27,342.15,219.952,0.06482,25.9,88,1.71,75,5.03,0,1,train
2019-07-28,979.13,219.952,0.18548,26.4,77,3.92,65,13.55,0,1,train
2019-07-29,1055.33,219.952,0.19992,26.6,76,1.79,69,23.11,0,1,train
2019-07-30,848.99,219.952,0.16083,26.9,81,3.39,58,20.58,0,1,train
2019-07-31,1177.6,219.952,0.22308,27.0,78,1.55,28,21.83,0,1,train
2019-08-01,1179.08,226.694,0.21672,25.8,83,1.21,29,19.51,0,1,train
2019-08-02,1211.57,226.694,0.22269,26.2,77,1.73,29,22.91,0,1,train
2019-08-03,693.92,226.694,0.12754,25.7,76,2.64,73,11.99,0,1,train
2019-08-04,1034.25,226.694,0.1901,26.5,71,3.37,25,26.28,0,1,train
2019-08-05,1083.85,226.694,0.19921,25.6,78,2.38,45,21.79,0,1,train
2019-08-06,1160.97,226.694,0.21339,25.9,82,2.39,36,21.2,0,1,train
2019-08-07,1176.6,226.694,0.21626,26.9,74,2.21,20,21.18,0,1,train
2019-08-08,1093.19,226.694,0.20093,27.3,80,4.43,26,22.56,0,1,train
2019-08-09,844.85,226.694,0.15528,26.4,84,5.6,81,18.22,0,1,train
2019-08-10,626.51,226.694,0.11515,26.1,85,8.12,89,12.69,0,1,train
2019-08-11,147.72,226.694,0.02715,26.4,90,9.55,88,5.12,0,1,train
2019-08-12,461.63,226.694,0.08485,27.9,83,5.91,45,17.41,0,1,train
2019-08-13,1070.89,226.694,0.19683,26.9,79,2.41,25,18.12,0,1,train
2019-08-14,1129.77,226.694,0.20765,25.4,94,2.5,70,9.78,0,1,train
2019-08-15,744.58,226.694,0.13685,25.0,95,5.13,74,10.44,0,1,train
2019-08-16,1063.1,226.694,0.1954,24.5,83,4.96,35,17.66,0,1,train
2019-08-17,1202.34,226.694,0.22099,25.4,62,2.31,1,26.55,0,1,train
2019-08-18,712.86,226.694,0.13102,23.7,80,1.76,41,15.43,0,1,train
2019-08-19,945.4,226.694,0.17377,23.1,80,1.53,77,18.86,0,1,train
2019-08-20,705.88,226.694,0.12974,24.0,92,2.98,69,12.54,0,1,train
2019-08-21,623.68,226.694,0.11463,26.2,85,2.54,51,12.54,0,1,train
2019-08-22,821.11,226.694,0.15092,26.1,81,4.14,49,12.67,0,1,train
2019-08-23,865.92,226.694,0.15916,23.6,79,2.39,52,10.67,0,1,train
2019-08-24,695.41,226.694,0.12782,22.8,73,1.6,61,8.88,0,1,train
2019-08-25,473.54,226.694,0.08704,21.6,75,1.38,74,6.29,0,1,train
2019-08-26,290.51,226.694,0.0534,23.6,87,3.62,68,7.82,0,1,train
2019-08-27,125.63,226.694,0.02309,26.3,87,4.8,68,5.84,0,1,train
2019-08-28,215.76,226.694,0.03966,23.0,94,2.8,73,4.47,0,1,train
2019-08-29,181.88,226.694,0.03343,21.0,84,1.82,76,6.3,0,1,train
2019-08-30,1256.48,226.694,0.23094,22.1,77,3.17,24,23.8,0,1,train
2019-08-31,1189.54,226.694,0.21864,20.7,72,1.59,50,18.75,0,1,train
2019-09-01,257.72,233.03,0.04608,20.4,84,2.32,78,5.02,0,1,train
2019-09-02,445.34,233.03,0.07963,23.2,90,2.59,78,5.89,0,1,train
2019-09-03,335.75,233.03,0.06003,24.1,87,2.42,85,6.29,0,1,train
2019-09-04,171.61,233.03,0.03068,24.5,88,3.59,77,5.82,0,1,train
2019-09-05,573.33,233.03,0.10251,24.8,85,3.47,71,10.74,0,1,train
2019-09-06,217.1,233.03,0.03882,24.6,92,7.45,90,5.31,0,1,train
2019-09-07,569.72,233.03,0.10187,25.7,84,9.01,46,19.12,0,1,train
2019-09-08,287.08,233.03,0.05133,22.6,89,2.27,74,5.85,0,1,train
2019-09-09,376.95,233.03,0.0674,24.5,92,4.91,79,6.23,0,1,train
2019-09-10,934.67,233.03,0.16712,24.4,76,2.18,55,12.04,0,1,train
2019-09-11,775.16,233.03,0.1386,23.5,90,1.39,43,12.31,0,1,train
2019-09-12,486.98,233.03,0.08707,22.3,93,4.39,63,8.64,0,1,train
2019-09-13,859.56,233.03,0.15369,21.6,84,3.95,27,19.7,0,1,train
2019-09-14,1300.12,233.03,0.23247,21.2,81,2.33,17,21.0,0,1,train
2019-09-15,1039.52,233.03,0.18587,21.2,92,1.6,43,11.84,0,1,train
2019-09-16,1088.13,233.03,0.19456,21.3,93,2.25,57,13.82,0,1,train
2019-09-17,1061.78,233.03,0.18985,20.2,84,3.28,24,18.6,0,1,train
2019-09-18,1255.44,233.03,0.22448,18.8,83,2.43,22,19.14,0,1,train
2019-09-19,1236.33,233.03,0.22106,18.4,77,3.56,25,20.38,0,1,train
2019-09-20,932.36,233.03,0.16671,19.1,77,4.84,53,16.02,0,1,train
2019-09-21,71.16,233.03,0.01272,18.7,96,6.42,93,1.93,0,1,train
2019-09-22,124.19,233.03,0.02221,19.9,97,8.85,90,1.62,0,1,train
2019-09-23,827.44,233.03,0.14795,17.6,82,3.66,44,15.02,0,1,train
2019-09-24,1234.13,233.03,0.22067,16.2,75,2.65,19,21.1,0,1,train
2019-09-25,1041.17,233.03,0.18617,17.4,80,2.55,61,17.74,0,1,train
2019-09-26,807.66,233.03,0.14441,20.2,88,3.62,56,12.54,0,1,train
2019-09-27,336.79,233.03,0.06022,22.9,89,2.3,46,11.33,0,1,train
2019-09-28,620.3,233.03,0.11091,23.2,88,1.93,70,7.01,0,1,train
2019-09-29,620.74,233.03,0.11099,21.4,94,1.56,51,8.73,0,1,train
2019-09-30,579.05,233.03,0.10354,21.4,90,0.77,61,10.23,0,1,train
2019-10-01,134.61,242.817,0.0231,21.7,93,4.44,90,4.35,0,1,train
2019-10-02,187.42,242.817,0.03216,23.3,91,9.75,85,5.14,0,1,train
2019-10-03,709.68,242.817,0.12178,20.7,95,6.5,61,8.44,0,1,train
2019-10-04,913.23,242.817,0.15671,19.9,83,2.45,24,15.86,0,1,train
2019-10-05,646.18,242.817,0.11088,17.4,89,3.38,55,6.78,0,1,train
2019-10-06,646.31,242.817,0.1109,16.6,91,3.53,46,7.68,0,1,train
2019-10-07,252.69,242.817,0.04336,18.8,86,4.9,60,6.96,0,1,train
2019-10-08,896.75,242.817,0.15388,16.4,79,4.02,42,13.2,0,1,train
2019-10-09,1370.21,242.817,0.23512,13.4,63,2.37,9,20.38,0,1,train
2019-10-10,1268.87,242.817,0.21773,15.2,59,1.98,14,18.01,0,1,train
2019-10-11,1259.33,242.817,0.2161,16.9,77,1.69,21,14.72,0,1,train
2019-10-12,1218.11,242.817,0.20902,17.1,84,3.06,25,15.95,0,1,train
2019-10-13,1015.54,242.817,0.17426,16.1,78,4.03,12,17.57,0,1,train
2019-10-14,1039.83,242.817,0.17843,15.2,81,3.23,28,16.6,0,1,train
2019-10-15,782.43,242.817,0.13426,13.7,81,3.06,44,9.81,0,1,train
2019-10-16,1231.41,242.817,0.21131,14.2,72,2.94,34,17.76,0,1,train
2019-10-17,854.87,242.817,0.14669,14.4,84,2.74,59,9.49,0,1,train
2019-10-18,202.16,242.817,0.03469,16.4,97,3.37,85,2.18,0,1,train
2019-10-19,1153.79,242.817,0.19799,15.7,91,2.83,60,8.88,0,1,train
2019-10-20,850.03,242.817,0.14586,14.7,86,2.24,25,14.05,0,1,train
2019-10-21,1110.21,242.817,0.19051,15.2,82,3.05,31,16.95,0,1,train
2019-10-22,848.04,242.817,0.14552,15.4,88,2.49,57,9.95,0,1,train
2019-10-23,434.18,242.817,0.0745,16.9,87,3.9,82,8.62,0,1,train
2019-10-24,591.23,242.817,0.10145,16.4,91,3.18,62,8.7,0,1,train
2019-10-25,1058.05,242.817,0.18156,16.0,86,2.75,47,14.25,0,1,train
2019-10-26,924.13,242.817,0.15858,13.0,79,5.01,56,15.23,0,1,train
2019-10-27,1105.49,242.817,0.1897,11.4,74,3.38,40,16.28,0,1,train
2019-10-28,920.13,242.817,0.15789,11.3,74,1.92,50,15.0,0,1,train
2019-10-29,966.63,242.817,0.16587,13.7,74,3.99,21,12.74,0,1,train
2019-10-30,1212.23,242.817,0.20802,11.7,77,2.82,18,16.16,0,1,train
2019-10-31,1254.13,242.817,0.2152,11.7,75,2.61,3,16.46,0,1,train
2019-11-01,1142.13,249.778,0.19052,13.6,85,2.45,21,16.19,0,1,train
2019-11-02,804.66,249.778,0.13423,15.2,75,2.24,55,11.74,0,1,train
2019-11-03,370.62,249.778,0.06182,14.3,87,1.83,54,8.21,0,1,train
2019-11-04,642.72,249.778,0.10722,13.0,83,2.36,23,10.46,0,1,train
2019-11-05,909.6,249.778,0.15173,13.1,82,2.46,29,10.98,0,1,train
2019-11-06,1167.87,249.778,0.19482,10.9,78,1.94,23,15.49,0,1,train
2019-11-07,758.72,249.778,0.12657,12.0,77,3.72,67,9.44,0,1,train
2019-11-08,1161.13,249.778,0.19369,9.4,73,3.91,11,15.27,0,1,train
2019-11-09,1225.23,249.778,0.20439,8.5,72,2.9,10,15.25,0,1,train
2019-11-10,583.4,249.778,0.09732,12.1,67,4.13,45,9.85,0,1,train
2019-11-11,738.67,249.778,0.12322,13.4,70,5.97,32,11.04,0,1,train
2019-11-12,938.08,249.778,0.15649,10.4,75,2.07,42,11.28,0,1,train
2019-11-13,229.92,249.778,0.03835,12.0,71,3.33,44,6.94,0,1,train
2019-11-14,1043.04,249.778,0.17399,7.4,66,5.96,25,13.31,0,1,train
2019-11-15,1154.01,249.778,0.19251,8.7,43,2.53,0,14.57,0,1,train
2019-11-16,935.56,249.778,0.15607,13.7,62,2.58,8,13.87,0,1,train
2019-11-17,523.97,249.778,0.08741,18.0,74,6.1,73,10.18,0,1,train
2019-11-18,197.14,249.778,0.03289,11.5,80,6.94,77,3.83,0,1,train
2019-11-19,468.49,249.778,0.07815,6.5,69,6.67,49,9.19,0,1,train
2019-11-20,1187.56,249.778,0.1981,5.7,72,3.6,23,13.18,0,1,train
2019-11-21,905.35,249.778,0.15103,8.5,76,4.01,15,12.19,0,1,train
2019-11-22,606.19,249.778,0.10112,14.1,80,4.4,22,9.57,0,1,train
2019-11-23,776.06,249.778,0.12946,15.1,82,4.21,18,13.05,0,1,train
2019-11-24,352.92,249.778,0.05887,16.3,94,3.15,72,5.27,0,1,train
2019-11-25,312.75,249.778,0.05217,6.4,75,5.41,72,5.17,0,1,train
2019-11-26,172.47,249.778,0.02877,9.7,92,2.91,74,4.81,0,1,train
2019-11-27,77.67,249.778,0.01296,8.0,87,3.76,86,1.75,0,1,train
2019-11-28,931.53,249.778,0.15539,6.4,72,2.98,52,10.93,0,1,train
2019-11-29,1141.64,249.778,0.19044,5.4,78,2.75,19,12.99,0,1,train
2019-11-30,938.22,249.778,0.15651,8.2,65,2.18,30,12.0,0,1,train
2019-12-01,54.67,261.3,0.00872,10.9,90,2.98,80,2.41,0,1,train
2019-12-02,497.67,261.3,0.07936,6.4,76,6.91,72,7.47,0,1,train
2019-12-03,269.27,261.3,0.04294,5.0,70,4.66,45,8.79,0,1,train
2019-12-04,615.81,261.3,0.0982,6.0,70,3.34,32,8.07,0,1,train
2019-12-05,459.65,261.3,0.0733,4.2,75,4.53,46,7.51,0,1,train
2019-12-06,387.01,261.3,0.06171,0.1,71,4.92,59,8.62,0,1,train
2019-12-07,779.16,261.3,0.12424,2.4,78,3.84,38,9.92,0,1,train
2019-12-08,799.97,261.3,0.12756,4.3,82,2.75,35,9.85,0,1,train
2019-12-09,808.51,261.3,0.12892,5.6,68,2.62,1,12.1,0,1,train
2019-12-10,771.52,261.3,0.12303,10.5,66,3.43,33,11.35,0,1,train
2019-12-11,795.12,261.3,0.12679,10.0,73,5.02,41,10.97,0,1,train
2019-12-12,946.68,261.3,0.15096,4.3,71,4.52,26,11.44,0,1,train
2019-12-13,718.2,261.3,0.11452,5.1,74,1.97,47,10.92,0,1,train
2019-12-14,742.81,261.3,0.11845,6.2,81,3.46,61,7.72,0,1,train
2019-12-15,431.43,261.3,0.0688,9.1,76,3.47,31,10.1,0,1,train
2019-12-16,701.22,261.3,0.11182,11.9,75,4.46,32,10.07,0,1,train
2019-12-17,180.72,261.3,0.02882,13.4,89,5.71,66,4.69,0,1,train
2019-12-18,792.5,261.3,0.12637,5.7,81,5.29,43,9.53,0,1,train
2019-12-19,539.76,261.3,0.08607,4.4,78,4.81,65,7.17,0,1,train
2019-12-20,456.64,261.3,0.07282,3.9,76,3.33,56,8.22,0,1,train
2019-12-21,190.31,261.3,0.03035,3.4,78,2.37,82,6.19,0,1,train
2019-12-22,174.94,261.3,0.0279,6.6,87,2.96,70,3.48,0,1,train
2019-12-23,574.02,261.3,0.09153,5.7,82,3.37,40,6.86,0,1,train
2019-12-24,683.47,261.3,0.10899,5.1,76,1.91,47,9.19,0,1,train
2019-12-25,232.4,261.3,0.03706,10.0,79,3.35,43,6.41,0,1,train
2019-12-26,100.71,261.3,0.01606,7.8,91,4.69,85,2.29,0,1,train
2019-12-27,293.37,261.3,0.04678,2.5,71,6.22,58,8.09,0,1,train
2019-12-28,696.46,261.3,0.11106,2.1,77,2.05,20,11.08,0,1,train
2019-12-29,65.08,261.3,0.01038,10.0,85,5.1,67,3.01,0,1,train
2019-12-30,395.89,261.3,0.06313,9.3,86,5.05,76,9.01,0,1,train
2019-12-31,529.45,261.3,0.08443,-0.8,79,7.12,70,6.97,0,1,train
2020-01-01,759.62,263.225,0.12024,0.6,84,2.99,29,11.73,0,1,train
2020-01-02,290.47,263.225,0.04598,2.9,87,2.56,23,9.58,0,1,train
2020-01-03,524.75,263.225,0.08306,3.9,87,3.07,39,8.52,0,1,train
2020-01-04,1032.99,263.225,0.16352,2.7,85,2.75,19,12.1,0,1,train
2020-01-05,847.19,263.225,0.1341,3.8,70,2.16,31,10.85,0,1,train
2020-01-06,107.79,263.225,0.01706,12.0,76,5.4,66,3.42,0,1,train
2020-01-07,174.89,263.225,0.02768,16.6,81,10.19,43,10.16,0,1,train
2020-01-08,363.49,263.225,0.05754,5.3,84,8.9,70,7.59,0,1,train
2020-01-09,236.29,263.225,0.0374,3.8,81,3.96,69,7.3,0,1,train
2020-01-10,1038.33,263.225,0.16436,3.3,76,1.74,47,10.08,0,1,train
2020-01-11,314.24,263.225,0.04974,3.9,78,2.5,67,7.33,0,1,train
2020-01-12,421.34,263.225,0.0667,3.6,75,5.98,61,7.77,0,1,train
2020-01-13,667.75,263.225,0.1057,2.9,73,4.23,60,9.68,0,1,train
2020-01-14,252.27,263.225,0.03993,1.4,86,2.58,75,3.9,0,1,train
2020-01-15,528.41,263.225,0.08364,1.9,77,3.22,67,9.03,0,1,train
2020-01-16,470.74,263.225,0.07451,1.8,69,1.91,80,5.94,0,1,train
2020-01-17,915.56,263.225,0.14493,1.9,71,3.29,55,8.5,0,1,train
2020-01-18,863.51,263.225,0.13669,2.7,75,4.52,28,11.56,0,1,train
2020-01-19,221.86,263.225,0.03512,3.9,78,4.15,66,6.68,0,1,train
2020-01-20,895.31,263.225,0.14172,4.2,66,4.89,48,12.33,0,1,train
2020-01-21,1225.92,263.225,0.19405,3.6,67,2.58,18,13.74,0,1,train
2020-01-22,76.35,263.225,0.01209,9.4,86,2.5,75,3.21,0,1,train
2020-01-23,410.94,263.225,0.06505,8.8,94,2.73,79,4.78,0,1,train
2020-01-24,580.03,263.225,0.09181,6.6,78,2.19,72,10.77,0,1,train
2020-01-25,181.3,263.225,0.0287,9.1,81,3.88,84,4.19,0,1,train
2020-01-26,249.2,263.225,0.03945,8.6,80,5.29,86,6.21,0,1,train
2020-01-27,153.81,263.225,0.02435,7.1,95,6.34,91,1.91,0,1,train
2020-01-28,434.6,263.225,0.06879,5.7,91,2.47,77,6.9,0,1,train
2020-01-29,718.73,263.225,0.11377,5.3,90,3.65,73,5.28,0,1,train
2020-01-30,513.64,263.225,0.08131,4.3,83,5.12,72,6.88,0,1,train
2020-01-31,533.54,263.225,0.08446,3.1,75,4.61,44,11.46,0,1,train
2020-02-01,1099.42,266.195,0.17209,2.6,80,3.45,15,14.71,0,1,train
2020-02-02,1022.49,266.195,0.16005,3.2,80,2.67,45,13.06,0,1,train
2020-02-03,709.28,266.195,0.11102,2.5,83,3.52,50,6.97,0,1,train
2020-02-04,1367.06,266.195,0.21398,0.1,78,2.26,28,15.74,0,1,train
2020-02-05,1050.46,266.195,0.16443,-0.2,80,5.57,47,13.6,0,1,train
2020-02-06,1189.5,266.195,0.18619,-1.4,70,3.03,65,13.24,0,1,train
2020-02-07,989.53,266.195,0.15489,2.2,68,2.53,75,12.89,0,1,train
2020-02-08,405.16,266.195,0.06342,2.8,78,5.66,57,9.14,0,1,train
2020-02-09,512.61,266.195,0.08024,2.4,73,4.85,36,11.32,0,1,train
2020-02-10,1022.6,266.195,0.16006,5.9,78,4.14,18,15.02,0,1,train
2020-02-11,518.2,266.195,0.08111,7.2,72,2.8,63,8.87,0,1,train
2020-02-12,203.68,266.195,0.03188,12.0,85,5.87,62,6.6,0,1,train
2020-02-13,1112.04,266.195,0.17406,9.1,81,2.43,43,15.62,0,1,train
2020-02-14,1330.33,266.195,0.20823,11.5,59,2.08,53,16.22,0,1,train
2020-02-15,594.73,266.195,0.09309,14.9,74,4.29,66,8.59,0,1,train
2020-02-16,337.47,266.195,0.05282,2.6,83,8.49,86,8.02,0,1,train
2020-02-17,263.97,266.195,0.04132,-1.1,76,9.06,86,8.53,0,1,train
2020-02-18,1062.51,266.195,0.16631,0.3,75,6.14,47,15.15,0,1,train
2020-02-19,1121.79,266.195,0.17559,1.7,78,1.82,65,14.48,0,1,train
2020-02-20,1427.65,266.195,0.22347,5.1,72,2.04,29,17.11,0,1,train
2020-02-21,936.63,266.195,0.14661,10.2,66,4.43,32,16.29,0,1,train
2020-02-22,1224.64,266.195,0.19169,7.6,72,5.97,26,17.67,0,1,train
2020-02-23,1550.76,266.195,0.24274,3.7,65,3.23,1,18.65,0,1,train
2020-02-24,1184.19,266.195,0.18536,8.4,57,2.27,53,13.1,0,1,train
2020-02-25,243.13,266.195,0.03806,15.0,83,7.71,65,11.83,0,1,train
2020-02-26,505.3,266.195,0.07909,9.1,94,2.86,79,8.56,0,1,train
2020-02-27,1019.97,266.195,0.15965,5.7,82,3.19,25,16.18,0,1,train
2020-02-28,114.0,266.195,0.01784,7.6,80,4.45,72,5.26,0,1,train
2020-02-29,101.93,266.195,0.01595,9.5,97,3.25,83,3.01,0,1,train
2020-03-01,160.43,269.815,0.02477,9.1,94,3.62,85,4.5,0,1,train
2020-03-02,1590.12,269.815,0.24556,4.2,74,4.54,48,19.1,0,1,train
2020-03-03,453.14,269.815,0.06998,7.0,76,2.19,69,10.2,0,1,train
2020-03-04,1199.52,269.815,0.18524,4.7,75,6.06,65,15.12,0,1,train
2020-03-05,1555.81,269.815,0.24026,1.9,68,5.14,27,20.01,0,1,train
2020-03-06,1162.19,269.815,0.17947,3.1,72,2.28,28,18.8,0,1,train
2020-03-07,204.19,269.815,0.03153,7.1,88,1.89,65,8.56,0,1,train
2020-03-08,1362.32,269.815,0.21038,9.0,78,2.89,41,20.39,0,1,train
2020-03-09,190.35,269.815,0.0294,11.0,87,4.91,86,5.03,0,1,train
2020-03-10,306.45,269.815,0.04732,7.3,92,6.77,81,5.28,0,1,train
2020-03-11,1757.24,269.815,0.27136,4.4,65,6.19,7,20.47,0,1,train
2020-03-12,1644.81,269.815,0.254,5.8,56,2.02,33,20.94,0,1,train
2020-03-13,742.19,269.815,0.11461,7.0,63,2.97,67,14.42,0,1,train
2020-03-14,1552.9,269.815,0.23981,3.7,62,6.11,15,21.03,0,1,train
2020-03-15,1620.33,269.815,0.25022,6.9,63,7.01,6,21.36,0,1,train
2020-03-16,1629.21,269.815,0.25159,3.5,56,4.47,32,21.77,0,1,train
2020-03-17,1607.9,269.815,0.2483,10.0,43,3.79,47,21.24,0,1,train
2020-03-18,1426.25,269.815,0.22025,12.3,51,3.47,25,21.16,0,1,train
2020-03-19,1338.15,269.815,0.20665,11.2,53,7.66,21,20.64,0,1,train
2020-03-20,1696.35,269.815,0.26196,8.4,45,2.9,0,22.71,0,1,train
2020-03-21,1452.86,269.815,0.22436,17.3,38,6.95,31,21.85,0,1,train
2020-03-22,854.53,269.815,0.13196,13.6,77,3.56,84,17.41,0,1,train
2020-03-23,1680.84,269.815,0.25957,7.9,57,3.02,34,22.82,0,1,train
2020-03-24,1583.48,269.815,0.24453,8.8,69,2.63,3,22.75,0,1,train
2020-03-25,1557.98,269.815,0.24059,12.7,63,3.02,27,22.44,0,1,train
2020-03-26,109.2,269.815,0.01686,16.5,85,5.97,74,6.91,0,1,train
2020-03-27,433.85,269.815,0.067,10.6,90,5.25,67,4.53,0,1,train
2020-03-28,268.6,269.815,0.04148,5.2,69,2.56,63,5.8,0,1,train
2020-03-29,1015.06,269.815,0.15675,7.3,75,3.11,48,14.64,0,1,train
2020-03-30,971.94,269.815,0.15009,9.5,82,3.16,56,7.95,0,1,train
2020-03-31,1563.3,269.815,0.24142,10.1,72,2.8,37,22.13,0,1,train
2020-04-01,1361.51,272.061,0.20852,8.1,76,4.76,42,21.06,0,1,train
2020-04-02,1540.22,272.061,0.23589,7.7,78,2.25,25,19.39,0,1,train
2020-04-03,1579.44,272.061,0.24189,8.2,64,2.47,37,19.55,0,1,train
2020-04-04,1674.18,272.061,0.2564,7.9,66,4.64,16,24.16,0,1,train
2020-04-05,1852.1,272.061,0.28365,4.9,65,3.51,8,25.36,0,1,train
2020-04-06,1577.0,272.061,0.24152,6.7,62,2.45,26,23.21,0,1,train
2020-04-07,1674.89,272.061,0.25651,10.0,45,3.5,7,25.01,0,1,train
2020-04-08,1521.72,272.061,0.23305,9.7,60,3.2,4,24.44,0,1,train
2020-04-09,1617.1,272.061,0.24766,8.0,57,2.41,7,24.4,0,1,train
2020-04-10,1367.48,272.061,0.20943,8.5,70,2.11,27,20.22,0,1,train
2020-04-11,355.9,272.061,0.05451,8.9,87,2.37,69,7.15,0,1,train
2020-04-12,613.54,272.061,0.09396,6.0,92,3.8,90,3.52,0,1,train
2020-04-13,1678.97,272.061,0.25714,6.7,75,4.88,27,22.89,0,1,train
2020-04-14,1675.99,272.061,0.25668,10.1,58,2.35,22,25.51,0,1,train
2020-04-15,1251.91,272.061,0.19173,9.6,52,2.13,53,16.09,0,1,train
2020-04-16,1617.58,272.061,0.24774,12.7,58,3.77,21,25.05,0,1,train
2020-04-17,253.52,272.061,0.03883,13.8,73,7.77,62,6.83,0,1,train
2020-04-18,1610.87,272.061,0.24671,9.9,80,3.85,25,25.05,0,1,train
2020-04-19,179.92,272.061,0.02756,11.4,87,7.4,77,3.35,0,1,train
2020-04-20,1360.67,272.061,0.20839,11.2,83,5.03,59,23.6,0,1,train
2020-04-21,1253.98,272.061,0.19205,8.5,61,5.39,47,23.11,0,1,train
2020-04-22,1780.65,272.061,0.27271,7.0,63,6.84,18,25.98,0,1,train
2020-04-23,1626.2,272.061,0.24906,6.6,67,6.04,30,19.65,0,1,train
2020-04-24,1830.75,272.061,0.28038,9.0,52,4.89,3,27.63,0,1,train
2020-04-25,1728.8,272.061,0.26477,14.4,51,8.22,2,27.22,0,1,train
2020-04-26,1663.63,272.061,0.25479,10.6,69,2.88,45,25.87,0,1,train
2020-04-27,1704.61,272.061,0.26106,10.4,52,2.86,19,26.72,0,1,train
2020-04-28,1772.76,272.061,0.2715,10.8,52,3.12,0,27.5,0,1,train
2020-04-29,1770.32,272.061,0.27113,12.8,47,2.24,0,27.41,0,1,train
2020-04-30,1418.21,272.061,0.2172,16.6,69,4.23,4,26.86,0,1,train
2020-05-01,1496.61,282.355,0.22085,19.9,63,2.77,51,26.18,0,1,train
2020-05-02,471.52,282.355,0.06958,17.1,74,3.54,81,6.86,0,1,train
2020-05-03,734.83,282.355,0.10844,18.4,92,3.81,66,10.13,0,1,train
2020-05-04,1396.8,282.355,0.20612,16.9,88,2.66,47,21.51,0,1,train
2020-05-05,1103.93,282.355,0.16291,17.0,79,2.51,60,22.43,0,1,train
2020-05-06,1678.92,282.355,0.24776,16.6,80,4.02,30,22.94,0,1,train
2020-05-07,1796.08,282.355,0.26504,14.4,72,6.66,12,28.01,0,1,train
2020-05-08,1187.5,282.355,0.17524,17.4,75,8.7,46,20.15,0,1,train
2020-05-09,482.47,282.355,0.0712,19.2,84,9.24,39,20.77,0,1,train
2020-05-10,609.97,282.355,0.09001,13.9,91,4.58,58,13.91,0,1,train
2020-05-11,1768.72,282.355,0.26101,17.3,62,3.32,5,27.88,0,1,train
2020-05-12,1769.15,282.355,0.26107,15.4,65,5.77,16,28.49,0,1,train
2020-05-13,1854.81,282.355,0.27371,13.6,59,2.33,0,28.85,0,1,train
2020-05-14,1340.56,282.355,0.19782,18.5,45,4.26,36,20.05,0,1,train
2020-05-15,436.89,282.355,0.06447,20.0,87,5.79,77,6.19,0,1,train
2020-05-16,710.32,282.355,0.10482,17.2,90,2.09,55,14.88,0,1,train
2020-05-17,1416.39,282.355,0.20901,16.3,75,1.17,55,26.45,0,1,train
2020-05-18,661.11,282.355,0.09756,18.5,89,3.6,63,15.09,0,1,train
2020-05-19,1586.47,282.355,0.23411,13.1,79,7.39,36,19.3,0,1,train
2020-05-20,1851.49,282.355,0.27322,13.5,71,3.27,16,28.34,0,1,train
2020-05-21,1341.76,282.355,0.198,16.1,68,2.9,29,26.63,0,1,train
2020-05-22,1384.67,282.355,0.20433,16.6,70,5.6,28,26.56,0,1,train
2020-05-23,1318.45,282.355,0.19456,18.8,68,2.41,10,25.02,0,1,train
2020-05-24,1249.96,282.355,0.18445,20.0,72,2.84,27,20.87,0,1,train
2020-05-25,818.85,282.355,0.12084,16.6,85,1.67,67,11.2,0,1,train
2020-05-26,734.42,282.355,0.10838,16.4,66,2.46,39,14.81,0,1,train
2020-05-27,1613.94,282.355,0.23817,16.1,74,2.92,34,25.89,0,1,train
2020-05-28,1544.93,282.355,0.22798,18.1,58,3.96,22,22.19,0,1,train
2020-05-29,1446.71,282.355,0.21349,18.7,52,2.19,41,21.98,0,1,train
2020-05-30,514.77,282.355,0.07596,18.8,65,3.49,75,9.7,0,1,train
2020-05-31,558.86,282.355,0.08247,18.6,91,4.11,65,11.05,0,1,train
2020-06-01,1213.41,284.907,0.17746,18.7,80,2.56,51,21.83,0,1,train
2020-06-02,1755.65,284.907,0.25676,19.5,53,1.94,26,27.76,0,1,train
2020-06-03,474.86,284.907,0.06945,20.7,84,1.41,80,8.34,0,1,train
2020-06-04,1363.1,284.907,0.19935,21.0,82,1.48,68,22.13,0,1,train
2020-06-05,1037.2,284.907,0.15169,20.2,83,1.42,63,19.42,0,1,train
2020-06-06,1162.83,284.907,0.17006,20.7,86,1.81,69,20.05,0,1,train
2020-06-07,1640.94,284.907,0.23998,21.2,73,2.31,10,26.5,0,1,train
2020-06-08,1735.26,284.907,0.25378,22.9,52,4.51,8,28.62,0,1,train
2020-06-09,1224.21,284.907,0.17904,22.6,78,8.27,15,25.6,0,1,train
2020-06-10,610.58,284.907,0.0893,22.6,82,6.39,51,9.42,0,1,train
2020-06-11,809.7,284.907,0.11842,21.6,97,2.27,85,7.52,0,1,train
2020-06-12,603.3,284.907,0.08823,22.5,93,1.29,58,13.12,0,1,train
2020-06-13,321.8,284.907,0.04706,25.0,86,6.11,80,4.18,0,1,train
2020-06-14,286.72,284.907,0.04193,23.3,90,6.76,75,6.79,0,1,train
2020-06-15,1160.21,284.907,0.16968,21.0,80,2.7,42,23.93,0,1,train
2020-06-16,1588.86,284.907,0.23237,21.3,64,2.2,51,24.44,0,1,train
2020-06-17,431.19,284.907,0.06306,18.7,82,1.91,75,5.28,0,1,train
2020-06-18,167.19,284.907,0.02445,21.2,93,3.53,72,4.9,0,1,train
2020-06-19,869.7,284.907,0.12719,18.9,89,2.96,67,9.86,0,1,train
2020-06-20,1305.42,284.907,0.19091,20.5,76,3.24,35,21.82,0,1,train
2020-06-21,1285.86,284.907,0.18805,19.8,80,4.16,24,26.63,0,1,train
2020-06-22,1636.24,284.907,0.23929,21.2,78,2.41,9,27.16,0,1,train
2020-06-23,1510.13,284.907,0.22085,22.9,67,4.38,32,26.61,0,1,train
2020-06-24,123.4,284.907,0.01805,23.4,84,7.39,77,2.96,0,1,train
2020-06-25,259.6,284.907,0.03797,21.9,91,1.88,62,6.09,0,1,train
2020-06-26,1489.05,284.907,0.21777,21.0,80,1.95,17,27.78,0,1,train
2020-06-27,787.24,284.907,0.11513,22.5,93,1.23,63,13.04,0,1,train
2020-06-28,1249.91,284.907,0.1828,22.3,73,2.02,50,21.18,0,1,train
2020-06-29,190.12,284.907,0.0278,22.1,81,5.39,69,5.48,0,1,train
2020-06-30,1203.24,284.907,0.17597,20.0,91,8.43,67,14.18,0,1,train
2020-07-01,1615.64,277.87,0.24227,19.8,82,3.5,42,22.94,0,1,train
2020-07-02,1001.89,277.87,0.15023,20.8,65,2.26,52,15.07,0,1,train
2020-07-03,278.83,277.87,0.04181,19.8,91,5.28,84,3.36,0,1,train
2020-07-04,368.1,277.87,0.0552,18.5,98,2.54,96,3.14,0,1,train
2020-07-05,576.8,277.87,0.08649,19.6,93,1.43,60,14.99,0,1,train
2020-07-06,332.37,277.87,0.04984,21.8,95,1.7,85,5.11,0,1,train
2020-07-07,418.17,277.87,0.0627,22.8,92,2.58,58,11.64,0,1,train
2020-07-08,1397.31,277.87,0.20953,21.5,88,1.6,35,20.41,0,1,train
2020-07-09,898.53,277.87,0.13473,21.4,95,2.62,71,11.56,0,1,train
2020-07-10,948.05,277.87,0.14216,24.1,89,4.52,62,19.02,0,1,train
2020-07-11,728.06,277.87,0.10917,21.2,92,2.21,68,10.01,0,1,train
2020-07-12,243.41,277.87,0.0365,22.9,88,4.92,80,4.9,0,1,train
2020-07-13,315.16,277.87,0.04726,24.3,88,7.92,81,4.26,0,1,train
2020-07-14,808.12,277.87,0.12118,19.8,91,6.29,82,8.33,0,1,train
2020-07-15,871.66,277.87,0.13071,18.9,90,3.73,71,10.33,0,1,train
2020-07-16,1198.38,277.87,0.1797,19.7,84,2.37,37,16.14,0,1,train
2020-07-17,1454.64,277.87,0.21812,20.8,73,2.83,20,27.48,0,1,train
2020-07-18,428.66,277.87,0.06428,20.7,85,2.49,72,6.94,0,1,train
2020-07-19,526.5,277.87,0.07895,26.1,84,6.56,62,13.07,0,1,train
2020-07-20,584.68,277.87,0.08767,25.7,86,5.39,53,18.0,0,1,train
2020-07-21,470.86,277.87,0.07061,22.9,95,1.29,82,5.35,0,1,train
2020-07-22,679.43,277.87,0.10188,24.6,89,2.46,57,10.38,0,1,train
2020-07-23,200.66,277.87,0.03009,24.6,85,4.95,76,3.64,0,1,train
2020-07-24,939.51,277.87,0.14088,20.6,91,7.56,74,7.68,0,1,train
2020-07-25,1075.54,277.87,0.16128,20.6,91,4.7,62,13.23,0,1,train
2020-07-26,1428.86,277.87,0.21426,20.9,83,1.61,38,19.31,0,1,train
2020-07-27,194.52,277.87,0.02917,23.0,85,3.52,77,3.27,0,1,train
2020-07-28,774.86,277.87,0.11619,26.6,81,2.86,47,14.87,0,1,train
2020-07-29,976.61,277.87,0.14644,25.5,87,1.22,34,14.2,0,1,train
2020-07-30,1149.29,277.87,0.17234,24.8,89,1.53,47,15.33,0,1,train
2020-07-31,1265.48,277.87,0.18976,24.7,79,1.75,45,19.76,0,1,train
2020-08-01,1105.96,278.569,0.16542,25.7,74,1.98,47,17.62,0,1,train
2020-08-02,1151.15,278.569,0.17218,26.6,77,3.71,39,23.61,0,1,train
2020-08-03,1040.98,278.569,0.1557,26.4,77,3.96,21,22.7,0,1,train
2020-08-04,1173.88,278.569,0.17558,27.2,77,5.27,16,24.92,0,1,train
2020-08-05,589.4,278.569,0.08816,26.9,83,7.11,63,12.68,0,1,train
2020-08-06,332.24,278.569,0.04969,27.0,80,7.46,74,9.18,0,1,train
2020-08-07,446.85,278.569,0.06684,26.1,80,4.81,79,6.91,0,1,train
2020-08-08,518.91,278.569,0.07762,26.6,81,7.26,91,3.84,0,1,train
2020-08-09,1174.54,278.569,0.17568,27.1,78,7.65,47,24.11,0,1,train
2020-08-10,484.78,278.569,0.07251,26.2,88,4.9,75,4.27,0,1,train
2020-08-11,564.67,278.569,0.08446,26.2,87,3.11,54,6.9,0,1,train
2020-08-12,869.61,278.569,0.13007,26.4,84,3.02,39,14.28,0,1,train
2020-08-13,1234.74,278.569,0.18468,27.8,74,3.85,21,24.37,0,1,train
2020-08-14,1300.12,278.569,0.19446,28.2,70,3.9,8,25.71,0,1,train
2020-08-15,1552.25,278.569,0.23218,27.8,68,2.83,6,25.68,0,1,train
2020-08-16,1395.03,278.569,0.20866,25.8,82,1.65,10,23.97,0,1,train
2020-08-17,1246.93,278.569,0.18651,25.6,78,1.94,22,17.4,0,1,train
2020-08-18,1384.04,278.569,0.20702,25.4,82,2.01,20,19.96,0,1,train
2020-08-19,1556.13,278.569,0.23276,25.3,82,2.09,23,20.78,0,1,train
2020-08-20,1400.54,278.569,0.20948,25.1,81,2.12,16,22.19,0,1,train
2020-08-21,1408.95,278.569,0.21074,24.9,82,2.32,13,23.01,0,1,train
2020-08-22,664.44,278.569,0.09938,25.1,89,2.67,53,12.27,0,1,train
2020-08-23,1016.32,278.569,0.15202,25.6,84,2.05,37,15.79,0,1,train
2020-08-24,1330.18,278.569,0.19896,26.7,80,2.9,20,18.43,0,1,train
2020-08-25,863.74,278.569,0.12919,26.9,88,6.61,40,16.26,0,1,train
2020-08-26,110.27,278.569,0.01649,26.9,87,11.76,91,4.47,0,1,train
2020-08-27,658.08,278.569,0.09843,27.2,82,3.93,60,11.37,0,1,train
2020-08-28,1116.92,278.569,0.16706,25.7,84,2.58,47,13.09,0,1,train
2020-08-29,944.46,278.569,0.14127,26.0,85,0.98,43,14.35,0,1,train
2020-08-30,1296.24,278.569,0.19388,25.8,83,2.08,25,16.21,0,1,train
2020-08-31,1066.9,278.569,0.15958,25.7,88,3.92,38,19.19,0,1,train
2020-09-01,505.66,284.069,0.07417,25.3,94,4.95,65,8.5,0,1,train
2020-09-02,44.19,284.069,0.00648,24.5,96,10.68,92,2.55,0,1,train
2020-09-03,1080.62,284.069,0.1585,23.2,83,7.13,36,21.43,0,1,train
2020-09-04,1290.78,284.069,0.18933,22.8,59,2.71,7,24.3,0,1,train
2020-09-05,263.63,284.069,0.03867,19.6,80,3.84,68,6.08,0,1,train
2020-09-06,153.12,284.069,0.02246,19.7,98,5.47,92,1.37,0,1,train
2020-09-07,717.68,284.069,0.10527,20.4,94,8.21,70,4.65,0,1,train
2020-09-08,1182.14,284.069,0.17339,24.0,72,3.21,2,23.26,0,1,train
2020-09-09,1132.98,284.069,0.16618,22.9,77,2.97,19,18.64,0,1,train
2020-09-10,956.92,284.069,0.14036,21.3,79,2.26,32,15.17,0,1,train
2020-09-11,330.2,284.069,0.04843,20.6,83,2.29,71,6.58,0,1,train
2020-09-12,778.07,284.069,0.11413,19.8,93,2.51,75,4.28,0,1,train
2020-09-13,528.54,284.069,0.07753,19.8,93,2.11,55,7.76,0,1,train
2020-09-14,718.02,284.069,0.10532,20.5,89,2.64,60,10.43,0,1,train
2020-09-15,773.54,284.069,0.11346,20.4,83,1.68,58,9.71,0,1,train
2020-09-16,533.35,284.069,0.07823,21.5,91,2.08,73,9.6,0,1,train
2020-09-17,179.24,284.069,0.02629,19.6,94,1.59,80,4.23,0,1,train
2020-09-18,364.5,284.069,0.05346,17.8,81,2.4,64,6.53,0,1,train
2020-09-19,1036.1,284.069,0.15197,18.6,60,2.35,34,17.94,0,1,train
2020-09-20,1480.89,284.069,0.21721,18.9,66,2.46,1,22.75,0,1,train
2020-09-21,1081.78,284.069,0.15867,17.8,71,2.95,25,21.49,0,1,train
2020-09-22,772.59,284.069,0.11332,17.8,82,4.49,59,8.28,0,1,train
2020-09-23,339.37,284.069,0.04978,18.2,92,4.05,79,3.55,0,1,train
2020-09-24,336.07,284.069,0.04929,18.6,93,4.3,77,4.45,0,1,train
2020-09-25,1355.01,284.069,0.19875,18.7,82,2.19,35,19.53,0,1,train
2020-09-26,1027.79,284.069,0.15075,18.5,83,2.84,37,14.45,0,1,train
2020-09-27,1230.98,284.069,0.18056,18.3,84,3.86,34,17.65,0,1,train
2020-09-28,1226.33,284.069,0.17988,17.6,79,4.09,23,19.07,0,1,train
2020-09-29,1349.63,284.069,0.19796,17.1,74,2.57,30,19.25,0,1,train
2020-09-30,1303.53,284.069,0.1912,17.6,85,2.21,41,15.3,0,1,train
2020-10-01,878.51,295.678,0.1238,17.4,87,1.44,46,11.02,0,1,train
2020-10-02,1192.01,295.678,0.16798,18.3,76,2.09,26,16.79,0,1,train
2020-10-03,897.24,295.678,0.12644,18.5,80,1.82,51,11.61,0,1,train
2020-10-04,394.49,295.678,0.05559,18.5,84,2.45,75,5.8,0,1,train
2020-10-05,1502.54,295.678,0.21174,14.9,71,4.42,31,19.38,0,1,train
2020-10-06,1549.94,295.678,0.21842,14.2,72,2.67,21,19.95,0,1,train
2020-10-07,1274.67,295.678,0.17963,16.1,75,4.11,39,16.28,0,1,train
2020-10-08,1129.14,295.678,0.15912,17.1,76,6.66,47,14.66,0,1,train
2020-10-09,735.9,295.678,0.1037,16.4,81,4.6,78,6.75,0,1,train
2020-10-10,809.39,295.678,0.11406,16.6,87,2.7,54,10.41,0,1,train
2020-10-11,867.16,295.678,0.1222,17.3,83,2.61,31,14.49,0,1,train
2020-10-12,1309.46,295.678,0.18453,16.5,82,2.97,29,16.19,0,1,train
2020-10-13,1412.89,295.678,0.1991,14.1,77,2.9,32,13.08,0,1,train
2020-10-14,1454.49,295.678,0.20497,13.8,70,2.6,18,16.9,0,1,train
2020-10-15,1235.74,295.678,0.17414,12.4,69,1.66,36,13.63,0,1,train
2020-10-16,307.83,295.678,0.04338,13.9,80,2.43,66,5.17,0,1,train
2020-10-17,1446.56,295.678,0.20385,13.5,76,2.47,18,17.7,0,1,train
2020-10-18,1150.08,295.678,0.16207,13.7,82,2.07,50,11.47,0,1,train
2020-10-19,1351.73,295.678,0.19048,14.0,79,2.5,28,15.31,0,1,train
2020-10-20,1228.61,295.678,0.17313,15.4,75,4.25,11,16.77,0,1,train
2020-10-21,227.5,295.678,0.03206,15.8,87,3.22,70,4.19,0,1,train
2020-10-22,405.99,295.678,0.05721,14.1,82,3.67,72,6.41,0,1,train
2020-10-23,1143.35,295.678,0.16112,11.4,69,6.41,46,14.22,0,1,train
2020-10-24,1316.66,295.678,0.18554,11.0,74,4.88,29,15.51,0,1,train
2020-10-25,1126.62,295.678,0.15876,11.5,83,2.81,18,14.72,0,1,train
2020-10-26,1196.14,295.678,0.16856,12.3,78,2.27,15,16.02,0,1,train
2020-10-27,1194.11,295.678,0.16827,13.2,76,2.06,17,14.77,0,1,train
2020-10-28,510.28,295.678,0.07191,13.6,79,2.05,53,8.15,0,1,train
2020-10-29,1304.45,295.678,0.18382,10.2,74,2.16,22,14.34,0,1,train
2020-10-30,1305.06,295.678,0.18391,10.4,76,2.45,16,15.74,0,1,train
2020-10-31,1182.09,295.678,0.16658,13.0,74,3.5,15,13.22,0,1,train
2020-11-01,1146.67,289.532,0.16502,14.9,62,1.93,47,10.3,0,1,train
2020-11-02,404.33,289.532,0.05819,12.7,78,2.18,41,10.7,0,1,train
2020-11-03,1020.7,289.532,0.14689,9.5,71,5.7,43,9.42,0,1,train
2020-11-04,1405.9,289.532,0.20232,8.3,71,3.34,12,15.85,0,1,train
2020-11-05,1138.93,289.532,0.1639,10.8,63,2.4,26,13.74,0,1,train
2020-11-06,268.85,289.532,0.03869,15.2,79,1.39,29,10.86,0,1,train
2020-11-07,534.71,289.532,0.07695,14.8,88,2.99,36,11.03,0,1,train
2020-11-08,1263.05,289.532,0.18177,11.3,71,4.88,9,14.0,0,1,train
2020-11-09,1373.34,289.532,0.19764,7.5,71,3.79,8,14.79,0,1,train
2020-11-10,1029.19,289.532,0.14811,7.6,80,2.43,16,11.08,0,1,train
2020-11-11,1237.79,289.532,0.17813,8.0,72,2.62,1,14.65,0,1,train
2020-11-12,1028.76,289.532,0.14805,11.5,80,2.94,11,12.88,0,1,train
2020-11-13,1289.83,289.532,0.18562,11.0,75,2.24,0,14.52,0,1,train
2020-11-14,941.87,289.532,0.13554,12.6,82,3.57,12,12.52,0,1,train
2020-11-15,698.34,289.532,0.1005,13.8,82,2.17,27,11.52,0,1,train
2020-11-16,371.89,289.532,0.05352,14.7,81,2.27,31,12.54,0,1,train
2020-11-17,810.73,289.532,0.11667,17.2,77,3.32,6,12.43,0,1,train
2020-11-18,408.5,289.532,0.05879,19.9,82,7.07,53,7.75,0,1,train
2020-11-19,214.07,289.532,0.03081,18.9,88,7.11,67,3.75,0,1,train
2020-11-20,647.07,289.532,0.09312,9.7,86,5.44,71,6.68,0,1,train
2020-11-21,549.64,289.532,0.0791,9.8,84,2.94,22,11.95,0,1,train
2020-11-22,152.1,289.532,0.02189,10.6,90,4.08,82,0.86,0,1,train
2020-11-23,576.96,289.532,0.08303,6.5,79,4.98,49,10.22,0,1,train
2020-11-24,1028.37,289.532,0.14799,6.5,68,2.95,30,11.21,0,1,train
2020-11-25,1208.05,289.532,0.17385,6.8,77,2.57,24,11.89,0,1,train
2020-11-26,427.17,289.532,0.06147,7.3,80,1.84,65,6.32,0,1,train
2020-11-27,340.75,289.532,0.04904,7.8,80,5.31,69,5.17,0,1,train
2020-11-28,450.22,289.532,0.06479,4.9,77,6.14,83,4.11,0,1,train
2020-11-29,440.67,289.532,0.06342,6.2,76,4.7,78,4.45,0,1,train
2020-11-30,486.98,289.532,0.07008,5.7,82,3.97,79,3.65,0,1,train
2020-12-01,1161.02,292.555,0.16536,4.1,74,2.54,19,12.62,0,1,train
2020-12-02,625.91,292.555,0.08914,5.2,75,2.58,18,10.08,0,1,train
2020-12-03,695.21,292.555,0.09901,4.6,81,3.95,49,6.95,0,1,train
2020-12-04,754.54,292.555,0.10746,4.1,76,4.27,47,7.63,0,1,train
2020-12-05,936.07,292.555,0.13332,4.3,77,2.88,16,11.5,0,1,train
2020-12-06,1066.38,292.555,0.15188,4.7,79,2.55,2,12.19,0,1,train
2020-12-07,568.25,292.555,0.08093,6.4,78,2.91,45,7.28,0,1,train
2020-12-08,767.88,292.555,0.10936,5.6,76,4.14,41,9.49,0,1,train
2020-12-09,1027.49,292.555,0.14634,3.5,75,1.97,12,12.26,0,1,train
2020-12-10,482.68,292.555,0.06874,6.2,72,2.17,51,6.83,0,1,train
2020-12-11,131.05,292.555,0.01866,7.0,85,1.51,68,1.9,0,1,train
2020-12-12,901.5,292.555,0.12839,6.6,74,3.64,39,11.41,0,1,train
2020-12-13,678.69,292.555,0.09666,6.3,62,4.8,53,9.89,0,1,train
2020-12-14,266.8,292.555,0.038,0.4,77,7.19,90,2.14,0,1,train
2020-12-15,491.53,292.555,0.07001,-0.0,81,4.52,90,2.85,0,1,train
2020-12-16,266.74,292.555,0.03799,0.9,83,5.29,88,2.13,0,1,train
2020-12-17,713.46,292.555,0.10161,2.1,77,3.95,67,6.93,0,1,train
2020-12-18,434.96,292.555,0.06195,3.6,74,3.95,52,6.09,0,1,train
2020-12-19,1090.63,292.555,0.15533,0.8,75,5.26,54,8.01,0,1,train
2020-12-20,462.56,292.555,0.06588,2.4,78,3.72,71,3.78,0,1,train
2020-12-21,539.13,292.555,0.07678,3.7,73,3.2,54,8.83,0,1,train
2020-12-22,775.42,292.555,0.11044,4.3,71,3.27,16,9.99,0,1,train
2020-12-23,760.8,292.555,0.10836,6.7,59,2.21,41,11.13,0,1,train
2020-12-24,868.9,292.555,0.12375,6.9,76,4.36,47,10.11,0,1,train
2020-12-25,888.3,292.555,0.12651,3.0,72,5.0,30,10.98,0,1,train
2020-12-26,927.14,292.555,0.13205,4.1,73,2.31,28,11.43,0,1,train
2020-12-27,85.35,292.555,0.01216,8.4,87,3.75,71,4.36,0,1,train
2020-12-28,1105.58,292.555,0.15746,8.1,83,2.52,29,12.1,0,1,train
2020-12-29,259.93,292.555,0.03702,7.3,92,4.05,64,3.89,0,1,train
2020-12-30,250.09,292.555,0.03562,-1.9,83,9.73,91,3.01,0,1,train
2020-12-31,209.94,292.555,0.0299,-0.6,75,7.25,86,3.8,0,1,train
2021-01-01,234.42,289.459,0.03374,1.4,73,4.41,72,7.26,0,1,train
2021-01-02,541.93,289.459,0.07801,2.3,74,4.48,57,7.33,0,1,train
2021-01-03,828.41,289.459,0.11925,-1.0,86,1.67,54,11.2,0,1,train
2021-01-04,808.21,289.459,0.11634,1.7,78,2.38,42,11.3,0,1,train
2021-01-05,324.46,289.459,0.0467,2.1,79,4.61,64,3.55,0,1,train
2021-01-06,462.02,289.459,0.06651,0.0,73,6.12,78,4.64,0,1,train
2021-01-07,142.65,289.459,0.02053,-4.3,80,8.59,92,2.8,0,1,train
2021-01-08,84.63,289.459,0.01218,-3.8,70,7.53,82,5.33,0,1,train
2021-01-09,125.06,289.459,0.018,-2.1,75,6.95,88,2.84,0,1,train
2021-01-10,192.54,289.459,0.02772,0.2,74,5.03,82,4.42,0,1,train
2021-01-11,260.77,289.459,0.03754,1.0,83,2.63,80,2.91,0,1,train
2021-01-12,503.26,289.459,0.07244,1.5,72,4.45,66,5.0,0,1,train
2021-01-13,1101.26,289.459,0.15852,6.1,62,5.29,1,13.04,0,1,train
2021-01-14,1145.44,289.459,0.16488,7.3,68,2.75,0,13.02,0,1,train
2021-01-15,816.13,289.459,0.11748,9.2,75,4.41,26,12.89,0,1,train
2021-01-16,732.34,289.459,0.10542,1.7,83,6.36,63,10.14,0,1,train
2021-01-17,370.57,289.459,0.05334,-0.6,72,6.45,73,6.45,0,1,train
2021-01-18,699.42,289.459,0.10068,2.6,66,6.18,41,11.39,0,1,train
2021-01-19,1373.62,289.459,0.19773,-0.2,69,2.76,3,13.78,0,1,train
2021-01-20,937.34,289.459,0.13493,5.8,74,3.19,2,13.28,0,1,train
2021-01-21,772.33,289.459,0.11117,10.2,68,2.12,40,7.11,0,1,train
2021-01-22,119.85,289.459,0.01725,9.5,96,1.98,88,2.28,0,1,train
2021-01-23,137.73,289.459,0.01983,9.9,98,4.0,95,0.87,0,1,train
2021-01-24,999.27,289.459,0.14384,8.1,81,4.92,50,12.59,0,1,train
2021-01-25,831.59,289.459,0.1197,8.9,83,5.58,40,11.55,0,1,train
2021-01-26,247.37,289.459,0.03561,8.2,93,3.84,90,1.39,0,1,train
2021-01-27,1384.07,289.459,0.19923,3.7,65,2.79,14,14.69,0,1,train
2021-01-28,842.55,289.459,0.12128,3.2,67,7.06,47,9.08,0,1,train
2021-01-29,956.86,289.459,0.13774,-1.6,76,6.6,63,7.81,0,1,train
2021-01-30,1138.24,289.459,0.16385,3.3,65,4.04,3,14.9,0,1,train
2021-01-31,715.89,289.459,0.10305,7.8,63,4.06,42,11.45,0,1,train
2021-02-01,114.67,289.865,0.01648,10.0,86,5.11,70,3.46,0,1,train
2021-02-02,1256.51,289.865,0.18062,1.0,76,6.02,34,13.63,0,1,train
2021-02-03,1317.25,289.865,0.18935,0.9,69,2.56,8,15.56,0,1,train
2021-02-04,1449.24,289.865,0.20832,3.3,76,4.38,27,15.06,0,1,train
2021-02-05,295.09,289.865,0.04242,3.7,60,1.95,55,7.98,0,1,train
2021-02-06,1145.3,289.865,0.16463,8.1,63,3.1,8,15.79,0,1,train
2021-02-07,1152.58,289.865,0.16568,8.1,74,3.83,6,15.84,0,1,train
2021-02-08,1273.25,289.865,0.18302,0.8,76,5.47,24,14.49,0,1,train
2021-02-09,1402.48,289.865,0.2016,0.2,78,2.53,5,16.22,0,1,train
2021-02-10,1059.12,289.865,0.15224,3.9,63,2.58,36,15.47,0,1,train
2021-02-11,460.02,289.865,0.06613,6.2,72,3.01,85,8.49,0,1,train
2021-02-12,459.08,289.865,0.06599,8.6,69,2.93,66,6.88,0,1,train
2021-02-13,1047.31,289.865,0.15055,11.0,71,2.58,39,10.73,0,1,train
2021-02-14,400.78,289.865,0.05761,11.9,85,2.28,52,8.68,0,1,train
2021-02-15,553.89,289.865,0.07962,5.2,89,6.71,73,4.72,0,1,train
2021-02-16,1291.11,289.865,0.18559,2.4,70,6.08,40,16.78,0,1,train
2021-02-17,532.3,289.865,0.07652,-2.1,72,9.26,81,5.09,0,1,train
2021-02-18,422.57,289.865,0.06074,-1.4,81,8.12,89,4.84,0,1,train
2021-02-19,1554.51,289.865,0.22345,4.7,59,4.61,8,18.13,0,1,train
2021-02-20,1411.11,289.865,0.20284,12.8,50,7.87,0,17.79,0,1,train
2021-02-21,1513.5,289.865,0.21756,15.2,47,7.65,1,18.24,0,1,train
2021-02-22,1377.78,289.865,0.19805,13.5,59,5.89,11,17.18,0,1,train
2021-02-23,1474.5,289.865,0.21195,3.3,67,2.59,20,18.14,0,1,train
2021-02-24,1425.6,289.865,0.20492,5.5,68,2.56,7,18.28,0,1,train
2021-02-25,470.64,289.865,0.06765,8.9,83,5.3,64,9.46,0,1,train
2021-02-26,418.21,289.865,0.06012,8.3,87,7.55,88,3.44,0,1,train
2021-02-27,603.58,289.865,0.08676,8.0,78,8.97,68,13.02,0,1,train
2021-02-28,480.18,289.865,0.06902,11.1,84,7.33,75,5.46,0,1,train
2021-03-01,127.18,288.53,0.01837,13.6,91,8.98,73,5.76,0,1,train
2021-03-02,1384.2,288.53,0.19989,3.1,89,5.41,68,10.13,0,1,train
2021-03-03,1165.56,288.53,0.16832,5.0,77,3.81,26,17.04,0,1,train
2021-03-04,167.03,288.53,0.02412,7.9,92,2.64,78,4.17,0,1,train
2021-03-05,1371.43,288.53,0.19805,9.9,84,2.42,69,16.93,0,1,train
2021-03-06,592.28,288.53,0.08553,7.9,78,4.02,57,9.76,0,1,train
2021-03-07,480.53,288.53,0.06939,6.7,85,4.05,62,8.8,0,1,train
2021-03-08,1383.52,288.53,0.19979,7.0,81,2.43,32,19.91,0,1,train
2021-03-09,818.71,288.53,0.11823,7.3,76,2.78,44,15.38,0,1,train
2021-03-10,1509.19,288.53,0.21794,7.8,68,3.59,2,20.45,0,1,train
2021-03-11,779.44,288.53,0.11256,11.7,75,3.47,64,13.19,0,1,train
2021-03-12,418.42,288.53,0.06042,8.8,97,4.02,91,1.66,0,1,train
2021-03-13,1148.86,288.53,0.16591,8.2,84,2.37,52,17.47,0,1,train
2021-03-14,1569.51,288.53,0.22665,8.0,64,2.7,0,21.28,0,1,train
2021-03-15,1220.38,288.53,0.17624,11.7,63,2.9,37,20.31,0,1,train
2021-03-16,1068.58,288.53,0.15431,10.9,76,4.31,49,11.8,0,1,train
2021-03-17,1608.09,288.53,0.23222,8.6,58,2.75,18,21.68,0,1,train
2021-03-18,1178.06,288.53,0.17012,10.8,79,4.18,17,21.39,0,1,train
2021-03-19,702.1,288.53,0.10139,10.6,92,4.81,65,7.42,0,1,train
2021-03-20,206.82,288.53,0.02987,11.7,96,5.02,88,3.12,0,1,train
2021-03-21,1347.65,288.53,0.19461,5.7,76,7.52,54,19.04,0,1,train
2021-03-22,1835.47,288.53,0.26506,4.7,62,6.56,18,22.44,0,1,train
2021-03-23,1657.74,288.53,0.23939,8.5,55,4.03,0,22.74,0,1,train
2021-03-24,1203.2,288.53,0.17375,10.1,58,2.0,36,18.3,0,1,train
2021-03-25,1764.48,288.53,0.25481,11.2,60,2.41,2,23.33,0,1,train
2021-03-26,1757.92,288.53,0.25386,12.3,47,1.56,11,23.47,0,1,train
2021-03-27,256.15,288.53,0.03699,14.8,78,7.38,57,5.92,0,1,train
2021-03-28,1157.69,288.53,0.16718,13.2,74,5.67,25,22.22,0,1,train
2021-03-29,1380.09,288.53,0.1993,13.3,53,3.61,6,23.53,0,1,train
2021-03-30,1653.78,288.53,0.23882,10.6,41,1.79,21,23.16,0,1,train
2021-03-31,1045.59,288.53,0.15099,14.1,37,4.6,75,16.31,0,1,train
2021-04-01,351.73,296.447,0.04944,11.3,83,7.92,73,3.12,0,1,train
2021-04-02,612.16,296.447,0.08604,13.9,87,9.86,65,11.09,0,1,train
2021-04-03,228.63,296.447,0.03213,16.6,90,7.37,69,6.68,0,1,train
2021-04-04,479.44,296.447,0.06739,8.5,99,4.49,99,4.84,0,1,train
2021-04-05,1743.1,296.447,0.245,8.9,72,3.18,35,24.05,0,1,train
2021-04-06,1817.17,296.447,0.25541,9.7,70,2.75,15,23.71,0,1,train
2021-04-07,1652.58,296.447,0.23228,11.4,56,2.63,36,22.92,0,1,train
2021-04-08,1578.44,296.447,0.22186,10.3,57,2.97,33,22.65,0,1,train
2021-04-09,1428.56,296.447,0.20079,9.7,75,3.19,28,18.63,0,1,train
2021-04-10,1623.21,296.447,0.22815,10.8,77,4.88,23,21.84,0,1,train
2021-04-11,1709.81,296.447,0.24032,12.8,69,5.21,29,24.89,0,1,train
2021-04-12,181.13,296.447,0.02546,15.4,82,8.09,85,2.96,0,1,train
2021-04-13,1007.49,296.447,0.14161,10.0,90,6.22,73,17.2,0,1,train
2021-04-14,1594.62,296.447,0.22413,6.6,71,4.47,36,24.63,0,1,train
2021-04-15,1588.16,296.447,0.22322,9.6,63,2.56,21,22.45,0,1,train
2021-04-16,1450.8,296.447,0.20392,12.1,79,1.8,28,21.69,0,1,train
2021-04-17,1705.65,296.447,0.23974,10.1,76,5.2,26,24.28,0,1,train
2021-04-18,1881.71,296.447,0.26448,8.0,68,6.22,20,25.77,0,1,train
2021-04-19,1898.16,296.447,0.26679,10.3,43,3.32,0,27.18,0,1,train
2021-04-20,1822.38,296.447,0.25614,12.5,42,2.23,3,26.81,0,1,train
2021-04-21,1590.77,296.447,0.22359,13.1,49,1.67,37,18.68,0,1,train
2021-04-22,1156.12,296.447,0.1625,17.4,52,5.83,49,20.24,0,1,train
2021-04-23,1398.76,296.447,0.1966,16.8,68,6.53,54,20.68,0,1,train
2021-04-24,1011.16,296.447,0.14212,15.7,85,4.27,38,19.81,0,1,train
2021-04-25,1730.32,296.447,0.2432,14.9,75,3.1,25,24.52,0,1,train
2021-04-26,1821.57,296.447,0.25603,12.8,70,5.11,36,23.97,0,1,train
2021-04-27,1010.19,296.447,0.14199,14.0,66,1.78,53,12.77,0,1,train
2021-04-28,1047.35,296.447,0.14721,14.2,90,1.95,64,17.38,0,1,train
2021-04-29,1727.73,296.447,0.24284,15.2,54,5.11,22,27.23,0,1,train
2021-04-30,1873.26,296.447,0.26329,14.0,67,5.55,25,27.56,0,1,train
2021-05-01,1307.9,297.708,0.18305,10.2,85,5.78,64,12.66,0,1,train
2021-05-02,1780.45,297.708,0.24919,9.6,78,4.85,18,22.88,0,1,train
2021-05-03,1734.2,297.708,0.24272,12.1,62,1.71,23,26.8,0,1,train
2021-05-04,209.35,297.708,0.0293,16.4,82,6.92,80,5.72,0,1,train
2021-05-05,1813.06,297.708,0.25375,13.3,62,5.39,36,27.11,0,1,train
2021-05-06,1759.0,297.708,0.24619,15.7,34,2.52,23,25.92,0,1,train
2021-05-07,1562.13,297.708,0.21863,16.5,61,4.48,32,25.63,0,1,train
2021-05-08,1464.82,297.708,0.20501,15.8,55,4.33,35,26.54,0,1,train
2021-05-09,1717.34,297.708,0.24036,16.1,57,2.13,18,26.68,0,1,train
2021-05-10,1212.6,297.708,0.16971,18.7,70,2.05,15,26.28,0,1,train
2021-05-11,304.28,297.708,0.04259,16.7,96,5.99,85,8.01,0,1,train
2021-05-12,1026.35,297.708,0.14365,14.3,98,6.24,97,7.17,0,1,train
2021-05-13,1694.33,297.708,0.23714,17.5,84,3.8,43,24.77,0,1,train
2021-05-14,712.96,297.708,0.09978,18.2,91,2.19,81,9.1,0,1,train
2021-05-15,1057.54,297.708,0.14801,23.2,85,4.74,49,14.64,0,1,train
2021-05-16,319.92,297.708,0.04478,22.8,88,7.56,60,8.76,0,1,train
2021-05-17,751.6,297.708,0.10519,14.6,98,4.37,91,4.01,0,1,train
2021-05-18,1573.2,297.708,0.22018,15.4,72,2.78,36,26.11,0,1,train
2021-05-19,1592.55,297.708,0.22289,17.7,68,1.96,48,26.94,0,1,train
2021-05-20,370.6,297.708,0.05187,17.2,89,4.18,77,8.38,0,1,train
2021-05-21,1626.19,297.708,0.2276,15.1,74,5.73,39,25.46,0,1,train
2021-05-22,1776.63,297.708,0.24865,16.4,69,2.7,24,28.01,0,1,train
2021-05-23,1748.82,297.708,0.24476,18.6,62,1.56,30,25.98,0,1,train
2021-05-24,1682.85,297.708,0.23553,17.2,69,2.94,40,25.32,0,1,train
2021-05-25,1663.94,297.708,0.23288,17.6,47,5.61,30,24.27,0,1,train
2021-05-26,492.56,297.708,0.06894,17.2,52,3.79,76,8.09,0,1,train
2021-05-27,1334.13,297.708,0.18672,17.2,78,4.01,51,22.35,0,1,train
2021-05-28,1115.07,297.708,0.15606,19.3,61,6.85,28,24.01,0,1,train
2021-05-29,1818.84,297.708,0.25456,17.1,69,2.82,10,28.51,0,1,train
2021-05-30,1753.99,297.708,0.24549,19.8,48,2.45,6,27.64,0,1,train
2021-05-31,1725.66,297.708,0.24152,20.3,51,1.79,9,28.02,0,1,train
2021-06-01,1630.53,299.697,0.22669,21.4,57,2.0,22,27.48,0,1,train
2021-06-02,734.3,299.697,0.10209,20.5,65,6.15,71,12.74,0,1,train
2021-06-03,791.09,299.697,0.10998,21.2,87,6.78,69,16.28,0,1,train
2021-06-04,1495.89,299.697,0.20797,17.4,70,3.58,51,24.05,0,1,train
2021-06-05,1478.68,299.697,0.20558,21.0,57,3.96,24,25.97,0,1,train
2021-06-06,1744.13,299.697,0.24249,21.0,54,1.55,22,26.59,0,1,train
2021-06-07,1710.8,299.697,0.23785,20.7,57,1.79,17,27.5,0,1,train
2021-06-08,1391.54,299.697,0.19346,22.9,64,2.77,42,26.29,0,1,train
2021-06-09,926.05,299.697,0.12875,24.0,77,2.63,37,19.74,0,1,train
2021-06-10,449.87,299.697,0.06255,22.7,75,6.78,78,9.06,0,1,train
2021-06-11,324.59,299.697,0.04513,21.9,94,2.43,78,4.37,0,1,train
2021-06-12,1340.76,299.697,0.1864,21.2,93,1.93,69,22.46,0,1,train
2021-06-13,1424.74,299.697,0.19808,19.6,91,1.51,72,20.96,0,1,train
2021-06-14,1335.86,299.697,0.18572,19.3,80,1.33,37,26.22,0,1,train
2021-06-15,175.0,299.697,0.02433,21.2,90,4.45,83,3.07,0,1,train
2021-06-16,663.1,299.697,0.09219,19.8,95,5.73,86,8.75,0,1,train
2021-06-17,509.12,299.697,0.07078,19.5,94,3.71,71,8.9,0,1,train
2021-06-18,568.82,299.697,0.07908,20.4,91,1.53,61,8.29,0,1,train
2021-06-19,1719.48,299.697,0.23906,20.7,76,2.89,38,27.87,0,1,train
2021-06-20,1719.37,299.697,0.23904,21.6,56,2.25,11,27.64,0,1,train
2021-06-21,1704.94,299.697,0.23704,22.4,57,2.48,9,27.69,0,1,train
2021-06-22,1577.22,299.697,0.21928,22.7,69,2.63,10,27.39,0,1,train
2021-06-23,1095.39,299.697,0.15229,20.6,76,2.38,14,25.28,0,1,train
2021-06-24,1007.05,299.697,0.14001,20.6,81,1.68,49,15.49,0,1,train
2021-06-25,1243.19,299.697,0.17284,21.3,80,1.33,59,12.98,0,1,train
2021-06-26,882.59,299.697,0.12271,22.1,76,2.89,57,13.93,0,1,train
2021-06-27,1155.69,299.697,0.16067,22.7,81,3.75,39,19.76,0,1,train
2021-06-28,1145.1,299.697,0.1592,21.6,88,3.69,36,19.18,0,1,train
2021-06-29,1186.06,299.697,0.1649,22.0,82,2.67,32,19.29,0,1,train
2021-06-30,1042.69,299.697,0.14496,22.4,80,3.25,34,21.69,0,1,train
2021-07-01,1185.85,297.466,0.1661,22.8,85,2.98,23,19.75,0,1,train
2021-07-02,432.84,297.466,0.06063,23.0,88,3.36,63,15.36,0,1,train
2021-07-03,242.05,297.466,0.0339,24.2,89,6.9,86,3.58,0,1,train
2021-07-04,221.31,297.466,0.031,24.2,90,3.57,86,2.8,0,1,train
2021-07-05,528.22,297.466,0.07399,25.0,86,3.94,75,13.65,0,1,train
2021-07-06,693.75,297.466,0.09717,25.8,81,8.93,75,13.73,0,1,train
2021-07-07,312.56,297.466,0.04378,25.2,90,3.24,56,11.22,0,1,train
2021-07-08,494.24,297.466,0.06923,25.9,86,3.44,72,7.61,0,1,train
2021-07-09,1004.11,297.466,0.14065,25.1,84,3.57,44,19.97,0,1,train
2021-07-10,1069.4,297.466,0.14979,25.3,81,2.22,33,21.47,0,1,train
2021-07-11,917.51,297.466,0.12852,26.1,83,2.21,32,20.04,0,1,train
2021-07-12,1295.72,297.466,0.18149,25.7,82,1.67,52,15.22,0,1,train
2021-07-13,1057.08,297.466,0.14807,26.3,78,3.43,41,19.27,0,1,train
2021-07-14,991.26,297.466,0.13885,25.9,77,2.75,70,14.49,0,1,train
2021-07-15,1502.51,297.466,0.21046,25.0,78,1.33,35,21.41,0,1,train
2021-07-16,1118.45,297.466,0.15666,24.6,84,1.72,33,17.87,0,1,train
2021-07-17,1107.95,297.466,0.15519,24.1,84,3.4,51,14.83,0,1,train
2021-07-18,959.73,297.466,0.13443,23.8,89,4.78,85,8.19,0,1,train
2021-07-19,1428.6,297.466,0.20011,25.0,82,5.14,50,17.57,0,1,train
2021-07-20,1221.23,297.466,0.17106,24.8,85,4.54,54,16.5,0,1,train
2021-07-21,1397.31,297.466,0.19572,25.3,84,4.62,19,26.31,0,1,train
2021-07-22,1300.67,297.466,0.18219,25.3,85,5.09,34,24.09,0,1,train
2021-07-23,706.83,297.466,0.09901,24.6,89,4.5,72,10.5,0,1,train
2021-07-24,1091.27,297.466,0.15286,25.0,87,5.32,69,12.56,0,1,train
2021-07-25,420.89,297.466,0.05895,24.3,89,7.83,88,3.7,0,1,train
2021-07-26,469.75,297.466,0.0658,24.5,87,7.97,82,9.04,0,1,train
2021-07-27,1506.57,297.466,0.21103,25.5,77,6.11,9,27.55,0,1,train
2021-07-28,1501.99,297.466,0.21039,25.6,77,4.66,3,27.67,0,1,train
2021-07-29,1539.29,297.466,0.21561,25.5,71,1.93,33,24.17,0,1,train
2021-07-30,783.5,297.466,0.10975,25.3,79,1.81,30,16.26,0,1,train
2021-07-31,725.68,297.466,0.10165,25.1,95,1.08,65,7.01,0,1,train
2021-08-01,1232.09,302.092,0.16994,26.1,82,1.34,35,16.57,0,1,train
2021-08-02,959.02,302.092,0.13227,25.5,84,1.49,37,16.29,0,1,train
2021-08-03,1114.24,302.092,0.15368,25.9,78,3.45,33,23.49,0,1,train
2021-08-04,1356.12,302.092,0.18705,26.0,78,4.99,19,20.76,0,1,train
2021-08-05,1371.32,302.092,0.18914,26.5,74,3.89,16,23.77,0,1,train
2021-08-06,1586.95,302.092,0.21888,25.9,80,2.45,10,26.1,0,1,train
2021-08-07,1358.58,302.092,0.18738,25.9,88,2.19,32,19.68,0,1,train
2021-08-08,525.39,302.092,0.07247,24.7,91,2.53,47,8.99,0,1,train
2021-08-09,1313.66,302.092,0.18119,24.5,92,3.63,44,18.33,0,1,train
2021-08-10,1255.74,302.092,0.1732,24.1,86,2.12,48,17.15,0,1,train
2021-08-11,479.73,302.092,0.06617,24.3,88,2.87,66,9.26,0,1,train
2021-08-12,441.83,302.092,0.06094,23.8,92,1.57,84,4.32,0,1,train
2021-08-13,416.94,302.092,0.05751,22.8,93,3.52,72,7.13,0,1,train
2021-08-14,249.28,302.092,0.03438,22.3,95,4.26,82,1.86,0,1,train
2021-08-15,398.51,302.092,0.05497,23.0,87,3.82,70,8.46,0,1,train
2021-08-16,576.94,302.092,0.07958,22.9,91,5.4,75,6.01,0,1,train
2021-08-17,1284.64,302.092,0.17719,23.0,86,3.07,45,18.07,0,1,train
2021-08-18,1228.47,302.092,0.16944,22.8,80,2.23,29,21.12,0,1,train
2021-08-19,1045.84,302.092,0.14425,22.3,84,1.71,34,13.21,0,1,train
2021-08-20,1170.85,302.092,0.16149,24.2,77,3.56,39,20.62,0,1,train
2021-08-21,137.54,302.092,0.01897,25.2,87,5.31,85,2.38,0,1,train
2021-08-22,211.58,302.092,0.02918,23.7,92,1.2,56,6.59,0,1,train
2021-08-23,666.68,302.092,0.09195,25.1,86,5.43,71,12.33,0,1,train
2021-08-24,350.87,302.092,0.04839,26.9,86,5.99,62,14.43,0,1,train
2021-08-25,312.2,302.092,0.04306,25.3,90,2.57,70,6.54,0,1,train
2021-08-26,1308.03,302.092,0.18041,24.9,79,1.71,28,20.43,0,1,train
2021-08-27,1317.47,302.092,0.18171,25.1,82,3.3,23,22.9,0,1,train
2021-08-28,1159.08,302.092,0.15987,25.6,79,3.23,22,18.02,0,1,train
2021-08-29,1318.13,302.092,0.18181,25.8,78,3.2,11,21.99,0,1,train
2021-08-30,1183.79,302.092,0.16328,24.7,88,2.15,25,14.49,0,1,train
2021-08-31,1431.81,302.092,0.19749,24.3,77,1.97,42,17.6,0,1,train
2021-09-01,864.83,303.685,0.11866,25.6,80,4.52,54,20.44,0,1,train
2021-09-02,529.0,303.685,0.07258,22.0,92,2.04,76,4.68,0,1,train
2021-09-03,622.57,303.685,0.08542,22.6,94,2.82,74,7.42,0,1,train
2021-09-04,859.37,303.685,0.11791,22.6,88,3.91,59,10.68,0,1,train
2021-09-05,221.39,303.685,0.03038,22.1,90,5.34,81,3.6,0,1,train
2021-09-06,519.45,303.685,0.07127,22.4,90,5.76,82,3.25,0,1,train
2021-09-07,831.08,303.685,0.11403,24.1,86,4.37,58,10.92,0,1,train
2021-09-08,1401.55,303.685,0.1923,21.3,83,3.44,40,15.68,0,1,train
2021-09-09,1469.56,303.685,0.20163,21.2,82,1.7,32,16.29,0,1,train
2021-09-10,303.91,303.685,0.0417,21.4,91,1.42,73,3.91,0,1,train
2021-09-11,1055.25,303.685,0.14478,23.0,83,2.52,29,17.52,0,1,train
2021-09-12,942.36,303.685,0.1293,23.1,87,3.94,64,16.48,0,1,train
2021-09-13,156.18,303.685,0.02143,22.9,92,7.65,96,2.39,0,1,train
2021-09-14,229.62,303.685,0.0315,23.7,96,8.5,95,3.12,0,1,train
2021-09-15,311.82,303.685,0.04278,21.8,95,7.98,93,2.29,0,1,train
2021-09-16,75.89,303.685,0.01041,21.9,96,7.6,94,1.47,0,1,train
2021-09-17,466.92,303.685,0.06406,22.3,98,6.96,88,2.33,0,1,train
2021-09-18,843.41,303.685,0.11572,20.9,92,2.68,61,8.28,0,1,train
2021-09-19,1235.35,303.685,0.16949,21.3,83,3.55,18,19.03,0,1,train
2021-09-20,1324.92,303.685,0.18178,23.0,80,3.74,20,17.76,0,1,train
2021-09-21,864.15,303.685,0.11856,22.1,84,4.09,39,13.82,0,1,train
2021-09-22,1353.8,303.685,0.18575,23.2,65,3.85,1,22.01,0,1,train
2021-09-23,1429.17,303.685,0.19609,20.9,81,2.81,36,20.62,0,1,train
2021-09-24,1120.13,303.685,0.15369,19.2,83,2.99,23,14.76,0,1,train
2021-09-25,966.12,303.685,0.13256,20.9,84,4.45,42,11.88,0,1,train
2021-09-26,1047.44,303.685,0.14371,20.8,87,3.87,52,7.61,0,1,train
2021-09-27,944.32,303.685,0.12956,20.6,90,3.35,55,8.88,0,1,train
2021-09-28,778.4,303.685,0.1068,22.6,84,2.68,40,11.46,0,1,train
2021-09-29,1129.25,303.685,0.15494,23.1,84,1.06,28,14.54,0,1,train
2021-09-30,782.37,303.685,0.10734,20.9,94,2.54,70,13.5,0,1,train
2021-10-01,1423.39,309.614,0.19155,20.0,84,2.41,13,19.78,0,1,train
2021-10-02,1452.35,309.614,0.19545,20.5,72,2.02,0,20.65,0,1,train
2021-10-03,1458.32,309.614,0.19626,21.9,56,3.09,1,20.91,0,1,train
2021-10-04,1265.65,309.614,0.17033,23.7,66,4.41,10,19.95,0,1,train
2021-10-05,1089.29,309.614,0.14659,21.8,80,1.97,14,17.07,0,1,train
2021-10-06,1101.98,309.614,0.1483,21.6,80,3.17,20,13.65,0,1,train
2021-10-07,1191.1,309.614,0.16029,21.2,76,2.63,15,18.48,0,1,train
2021-10-08,966.96,309.614,0.13013,21.4,83,2.96,38,12.53,0,1,train
2021-10-09,470.17,309.614,0.06327,22.5,84,3.45,33,9.82,0,1,train
2021-10-10,753.29,309.614,0.10137,23.3,82,2.3,36,9.98,0,1,train
2021-10-11,851.54,309.614,0.1146,18.8,95,2.2,85,7.29,0,1,train
2021-10-12,453.72,309.614,0.06106,20.6,96,3.69,87,3.61,0,1,train
2021-10-13,325.53,309.614,0.04381,21.0,94,4.28,71,3.91,0,1,train
2021-10-14,811.89,309.614,0.10926,21.2,89,2.54,31,14.63,0,1,train
2021-10-15,1166.33,309.614,0.15696,19.5,85,1.64,39,10.35,0,1,train
2021-10-16,226.34,309.614,0.03046,14.9,86,5.04,81,4.41,0,1,train
2021-10-17,1582.29,309.614,0.21294,8.5,72,4.77,34,17.91,0,1,train
2021-10-18,1392.91,309.614,0.18745,9.4,67,2.2,10,17.68,0,1,train
2021-10-19,1091.6,309.614,0.1469,12.9,72,4.58,45,10.31,0,1,train
2021-10-20,498.47,309.614,0.06708,11.5,73,3.5,63,9.22,0,1,train
2021-10-21,1190.3,309.614,0.16019,11.4,75,3.39,44,11.69,0,1,train
2021-10-22,1197.01,309.614,0.16109,12.4,71,4.53,44,11.34,0,1,train
2021-10-23,1381.47,309.614,0.18591,11.7,73,2.56,9,16.92,0,1,train
2021-10-24,674.04,309.614,0.09071,14.2,73,2.31,47,7.64,0,1,train
2021-10-25,1423.18,309.614,0.19153,12.7,83,2.37,21,15.26,0,1,train
2021-10-26,1413.88,309.614,0.19027,12.3,74,2.57,12,17.11,0,1,train
2021-10-27,1212.63,309.614,0.16319,13.0,80,3.19,16,14.64,0,1,train
2021-10-28,1492.28,309.614,0.20083,11.5,75,2.25,14,16.48,0,1,train
2021-10-29,1083.18,309.614,0.14577,14.9,81,3.49,36,11.81,0,1,train
2021-10-30,597.7,309.614,0.08044,14.2,84,2.36,41,7.9,0,1,train
2021-10-31,1369.44,309.614,0.18429,13.4,79,2.22,8,16.04,0,1,train
2021-11-01,1088.69,313.437,0.14472,13.8,84,2.71,35,13.04,0,1,train
2021-11-02,1184.33,313.437,0.15744,11.2,77,3.25,21,13.58,0,1,train
2021-11-03,1310.73,313.437,0.17424,10.7,81,3.07,20,15.17,0,1,train
2021-11-04,1183.21,313.437,0.15729,12.8,81,2.94,22,12.38,0,1,train
2021-11-05,566.56,313.437,0.07532,13.9,73,3.51,49,9.43,0,1,train
2021-11-06,425.47,313.437,0.05656,16.1,73,5.44,43,10.53,0,1,train
2021-11-07,1056.31,313.437,0.14042,16.0,79,5.7,51,12.63,0,1,train
2021-11-08,308.63,313.437,0.04103,11.6,84,7.07,83,3.23,0,1,train
2021-11-09,583.07,313.437,0.07751,8.4,73,6.65,72,5.04,0,1,train
2021-11-10,427.76,313.437,0.05686,9.2,73,6.92,72,5.41,0,1,train
2021-11-11,807.75,313.437,0.10738,10.6,74,5.82,65,8.5,0,1,train
2021-11-12,791.01,313.437,0.10515,9.5,65,6.15,51,8.88,0,1,train
2021-11-13,1026.44,313.437,0.13645,10.2,67,3.28,41,11.47,0,1,train
2021-11-14,1211.2,313.437,0.16101,11.5,67,3.62,7,14.17,0,1,train
2021-11-15,1168.9,313.437,0.15539,10.6,73,2.54,2,13.97,0,1,train
2021-11-16,611.56,313.437,0.0813,10.0,78,2.26,32,9.69,0,1,train
2021-11-17,1165.55,313.437,0.15494,9.0,72,2.16,19,13.68,0,1,train
2021-11-18,1183.78,313.437,0.15737,10.4,66,2.03,11,14.01,0,1,train
2021-11-19,1281.26,313.437,0.17032,11.7,43,2.69,0,13.96,0,1,train
2021-11-20,1122.41,313.437,0.14921,11.5,76,2.58,8,13.58,0,1,train
2021-11-21,388.99,313.437,0.05171,13.0,84,2.26,64,7.41,0,1,train
2021-11-22,568.52,313.437,0.07558,7.9,77,7.54,76,6.4,0,1,train
2021-11-23,443.81,313.437,0.059,5.7,70,6.84,79,4.63,0,1,train
2021-11-24,929.39,313.437,0.12355,7.8,68,5.1,29,11.22,0,1,train
2021-11-25,1090.32,313.437,0.14494,9.5,72,4.42,5,12.88,0,1,train
2021-11-26,1266.07,313.437,0.1683,7.2,78,2.51,2,13.15,0,1,train
2021-11-27,1292.87,313.437,0.17187,5.9,74,2.55,3,13.16,0,1,train
2021-11-28,1056.51,313.437,0.14045,9.7,73,3.9,12,12.61,0,1,train
2021-11-29,1096.52,313.437,0.14577,11.9,72,3.3,15,10.88,0,1,train
2021-11-30,146.06,313.437,0.01942,10.9,85,6.99,75,2.79,0,1,train
2021-12-01,433.61,318.119,0.05679,4.7,74,7.91,87,2.44,0,1,train
2021-12-02,520.85,318.119,0.06822,5.0,73,3.62,63,6.13,0,1,train
2021-12-03,827.73,318.119,0.10841,7.1,67,5.75,50,7.89,0,1,train
2021-12-04,1059.36,318.119,0.13875,7.3,68,4.71,53,8.54,0,1,train
2021-12-05,803.44,318.119,0.10523,5.2,81,1.95,10,11.56,0,1,train
2021-12-06,981.89,318.119,0.12861,7.7,80,2.48,12,11.41,0,1,train
2021-12-07,1163.48,318.119,0.15239,6.2,78,2.72,5,12.11,0,1,train
2021-12-08,1030.5,318.119,0.13497,7.8,80,3.09,18,10.91,0,1,train
2021-12-09,518.41,318.119,0.0679,10.4,80,3.2,42,6.93,0,1,train
2021-12-10,951.52,318.119,0.12463,10.2,83,3.19,41,8.96,0,1,train
2021-12-11,692.4,318.119,0.09069,7.7,85,2.56,30,9.89,0,1,train
2021-12-12,556.2,318.119,0.07285,6.9,81,5.16,66,4.87,0,1,train
2021-12-13,684.93,318.119,0.08971,2.6,81,4.67,81,5.97,0,1,train
2021-12-14,864.89,318.119,0.11328,4.3,69,2.66,16,11.95,0,1,train
2021-12-15,568.98,318.119,0.07452,9.2,68,3.36,19,9.96,0,1,train
2021-12-16,130.62,318.119,0.01711,8.2,86,2.32,74,3.65,0,1,train
2021-12-17,351.22,318.119,0.046,3.5,74,8.68,79,3.87,0,1,train
2021-12-18,430.11,318.119,0.05634,0.4,84,4.49,93,1.63,0,1,train
2021-12-19,815.14,318.119,0.10677,4.2,69,5.65,44,9.68,0,1,train
2021-12-20,949.23,318.119,0.12433,6.7,66,4.47,4,11.83,0,1,train
2021-12-21,626.74,318.119,0.08209,9.0,74,4.08,3,11.73,0,1,train
2021-12-22,1207.73,318.119,0.15819,6.1,64,2.14,0,12.27,0,1,train
2021-12-23,1136.36,318.119,0.14884,7.0,63,2.64,0,12.03,0,1,train
2021-12-24,436.48,318.119,0.05717,6.9,81,4.57,47,6.0,0,1,train
2021-12-25,232.84,318.119,0.0305,-1.2,88,8.52,95,2.63,0,1,train
2021-12-26,203.58,318.119,0.02666,-2.1,85,6.8,93,2.75,0,1,train
2021-12-27,292.83,318.119,0.03835,0.5,86,4.69,87,2.65,0,1,train
2021-12-28,373.81,318.119,0.04896,3.5,75,2.91,35,8.92,0,1,train
2021-12-29,659.32,318.119,0.08636,5.6,71,5.47,38,9.38,0,1,train
2021-12-30,902.55,318.119,0.11821,3.2,70,7.49,62,8.6,0,1,train
2021-12-31,621.55,318.119,0.08141,1.1,74,6.51,66,7.33,0,1,train
