date,temperature_2m_mean,relative_humidity_2m_mean,wind_speed_10m_mean,cloud_cover_mean,shortwave_radiation_sum
2019-01-01,1.3,80,5.75,78,5.22
2019-01-02,1.0,75,5.08,55,8.7
2019-01-03,0.7,80,2.6,22,12.12
2019-01-04,1.7,82,1.8,48,6.25
2019-01-05,3.3,81,3.24,40,8.09
2019-01-06,1.8,78,3.81,37,11.84
2019-01-07,0.9,87,2.16,27,11.25
2019-01-08,2.9,81,4.67,58,7.39
2019-01-09,1.1,64,3.72,64,8.31
2019-01-10,2.9,77,3.53,43,8.28
2019-01-11,3.8,79,1.9,54,8.25
2019-01-12,5.4,88,3.4,62,8.4
2019-01-13,3.4,86,3.35,40,7.37
2019-01-14,1.0,82,2.04,49,12.38
2019-01-15,3.1,75,5.17,48,11.76
2019-01-16,-0.6,77,5.76,70,9.31
2019-01-17,1.3,71,5.05,41,10.12
2019-01-18,1.5,79,2.21,21,12.63
2019-01-19,5.5,73,3.01,22,10.62
2019-01-20,3.9,79,6.93,53,9.53
2019-01-21,1.9,74,5.37,50,13.01
2019-01-22,3.2,74,3.81,26,12.86
2019-01-23,4.1,73,4.49,0,14.04
2019-01-24,1.6,77,2.76,0,14.25
2019-01-25,0.4,81,4.41,49,9.91
2019-01-26,-0.2,71,6.98,51,9.72
2019-01-27,0.5,79,2.74,9,14.52
2019-01-28,3.6,74,5.46,41,10.32
2019-01-29,1.5,76,2.23,11,14.71
2019-01-30,4.2,77,1.95,48,10.89
2019-01-31,1.6,82,5.25,63,3.27
2019-02-01,0.6,70,6.14,32,14.03
2019-02-02,4.6,70,2.61,10,15.28
2019-02-03,11.5,86,7.77,53,8.99
2019-02-04,3.1,67,4.38,21,15.77
2019-02-05,5.0,58,2.83,41,15.4
2019-02-06,8.7,74,2.58,37,13.69
2019-02-07,3.5,84,4.38,65,3.4
2019-02-08,-0.7,66,3.63,67,13.59
2019-02-09,-0.6,74,5.68,80,10.11
2019-02-10,-0.6,70,3.29,45,11.31
2019-02-11,-0.2,73,5.48,59,13.49
2019-02-12,0.1,69,2.22,31,16.46
2019-02-13,1.7,66,3.21,34,16.96
2019-02-14,1.6,63,2.06,45,13.1
2019-02-15,2.5,79,3.25,59,6.53
2019-02-16,1.0,77,6.32,77,11.15
2019-02-17,0.7,74,4.44,56,16.34
2019-02-18,3.4,74,1.76,81,6.14
2019-02-19,8.0,94,4.39,87,4.72
2019-02-20,3.6,82,3.64,43,12.82
2019-02-21,3.5,70,2.61,63,16.68
2019-02-22,4.8,85,2.51,77,3.94
2019-02-23,5.7,73,2.93,55,17.08
2019-02-24,6.8,66,2.81,28,18.45
2019-02-25,4.7,76,3.1,47,18.11
2019-02-26,4.5,65,2.34,33,18.74
2019-02-27,7.5,81,2.53,77,8.04
2019-02-28,6.6,72,2.81,30,17.54
2019-03-01,4.5,76,3.01,58,18.09
2019-03-02,7.4,72,3.09,75,8.58
2019-03-03,8.5,85,2.96,78,5.27
2019-03-04,6.5,84,3.64,45,12.9
2019-03-05,6.3,61,1.81,66,12.76
2019-03-06,7.1,78,3.17,55,10.81
2019-03-07,5.0,83,5.34,44,17.97
2019-03-08,3.9,69,2.01,19,20.64
2019-03-09,8.1,74,4.06,83,8.96
2019-03-10,8.9,95,5.97,80,2.85
2019-03-11,6.6,76,4.65,44,17.76
2019-03-12,7.6,65,6.26,30,20.97
2019-03-13,4.0,54,6.32,7,21.45
2019-03-14,5.6,56,2.62,49,17.69
2019-03-15,7.0,55,5.75,9,20.75
2019-03-16,6.7,54,5.07,10,21.54
2019-03-17,7.8,59,3.77,22,22.11
2019-03-18,7.4,61,1.83,79,12.24
2019-03-19,8.8,58,2.57,14,22.08
2019-03-20,13.4,61,7.97,66,13.67
2019-03-21,9.5,87,6.75,69,15.56
2019-03-22,3.6,70,5.46,44,20.08
2019-03-23,4.3,62,6.02,36,21.92
2019-03-24,3.4,59,3.35,24,23.17
2019-03-25,5.8,48,1.99,65,11.46
2019-03-26,11.2,49,4.57,8,23.17
2019-03-27,15.1,35,7.24,32,23.3
2019-03-28,13.0,63,2.26,69,19.43
2019-03-29,11.0,64,2.06,43,22.84
2019-03-30,8.7,61,5.23,40,21.21
2019-03-31,4.1,53,7.72,37,23.09
2019-04-01,5.3,57,5.2,5,24.23
2019-04-02,6.3,66,3.33,41,23.94
2019-04-03,5.2,61,3.14,28,24.99
2019-04-04,6.8,58,2.12,51,23.03
2019-04-05,11.5,58,4.12,30,23.74
2019-04-06,12.7,58,2.2,16,24.68
2019-04-07,15.8,66,3.85,28,19.81
2019-04-08,11.7,62,1.59,29,23.17
2019-04-09,12.7,79,7.52,76,8.73
2019-04-10,9.1,95,5.0,84,9.93
2019-04-11,7.8,89,2.31,82,8.28
2019-04-12,8.7,68,2.66,27,25.82
2019-04-13,9.5,58,1.97,40,17.47
2019-04-14,10.0,82,3.19,69,10.71
2019-04-15,9.0,57,2.41,27,26.46
2019-04-16,12.9,52,3.13,81,18.97
2019-04-17,12.8,80,2.21,42,16.47
2019-04-18,13.9,60,1.6,27,25.91
2019-04-19,14.5,71,2.35,25,22.74
2019-04-20,15.6,77,2.47,16,22.53
2019-04-21,15.7,69,1.86,58,18.93
2019-04-22,17.3,68,2.94,58,19.69
2019-04-23,17.0,84,7.27,73,7.38
2019-04-24,18.4,85,3.73,56,17.44
2019-04-25,14.1,94,2.26,75,14.15
2019-04-26,9.7,87,6.06,69,17.71
2019-04-27,10.4,76,3.96,65,24.61
2019-04-28,11.6,73,3.42,75,11.24
2019-04-29,14.4,95,2.89,87,4.99
2019-04-30,13.2,94,1.9,86,11.55
2019-05-01,12.4,84,3.4,69,20.88
2019-05-02,13.1,53,4.07,5,28.03
2019-05-03,16.5,40,2.84,0,27.94
2019-05-04,16.2,41,1.75,63,22.51
2019-05-05,18.0,39,2.47,56,25.93
2019-05-06,11.5,62,3.9,56,27.21
2019-05-07,10.6,68,2.55,36,25.96
2019-05-08,12.1,55,1.93,72,21.0
2019-05-09,13.2,52,1.84,52,25.26
2019-05-10,14.3,55,1.66,42,26.46
2019-05-11,14.9,52,1.68,38,27.17
2019-05-12,17.4,52,1.96,52,26.5
2019-05-13,18.6,67,1.68,73,18.68
2019-05-14,18.8,81,2.36,67,18.52
2019-05-15,19.0,64,2.46,72,24.41
2019-05-16,19.2,70,4.48,64,21.83
2019-05-17,17.9,83,7.53,81,9.02
2019-05-18,20.0,90,10.22,50,17.46
2019-05-19,20.2,88,7.56,65,18.57
2019-05-20,15.0,82,4.7,58,20.45
2019-05-21,15.2,55,4.4,30,29.12
2019-05-22,19.3,37,4.89,16,28.65
2019-05-23,22.0,40,5.73,1,28.68
2019-05-24,24.2,30,6.0,18,28.41
2019-05-25,23.3,33,2.48,84,23.8
2019-05-26,19.7,57,4.55,93,14.75
2019-05-27,19.7,87,7.9,79,12.98
2019-05-28,14.6,74,4.05,74,21.28
2019-05-29,19.7,36,3.49,31,28.88
2019-05-30,20.2,40,2.0,67,19.19
2019-05-31,15.9,71,2.45,64,15.05
2019-06-01,16.9,68,1.89,80,20.76
2019-06-02,17.6,61,1.39,71,19.39
2019-06-03,18.7,54,1.52,59,27.31
2019-06-04,19.7,84,1.68,33,19.54
2019-06-05,20.3,76,1.36,26,27.76
2019-06-06,21.3,78,3.86,73,20.16
2019-06-07,18.5,93,7.52,89,9.52
2019-06-08,18.2,90,3.24,78,11.59
2019-06-09,18.6,75,2.51,45,24.63
2019-06-10,17.7,80,2.63,41,19.49
2019-06-11,17.1,84,2.35,39,18.21
2019-06-12,16.9,83,1.89,56,25.72
2019-06-13,17.8,77,2.74,56,26.51
2019-06-14,17.6,94,3.95,81,7.66
2019-06-15,17.4,90,4.43,58,21.99
2019-06-16,17.4,84,3.93,56,24.88
2019-06-17,19.1,73,1.71,59,22.43
2019-06-18,19.1,84,1.31,82,7.78
2019-06-19,19.9,80,2.24,48,21.84
2019-06-20,20.0,79,1.28,69,20.66
2019-06-21,20.1,80,1.5,38,23.55
2019-06-22,19.8,84,1.48,66,15.12
2019-06-23,19.1,83,2.46,31,19.06
2019-06-24,19.4,80,2.0,28,26.14
2019-06-25,20.5,70,4.54,69,23.12
2019-06-26,21.6,91,3.91,93,4.67
2019-06-27,22.5,89,2.3,63,18.4
2019-06-28,21.6,83,1.08,49,20.28
2019-06-29,23.6,88,5.15,74,5.65
2019-06-30,21.8,87,2.22,63,13.18
2019-07-01,21.3,82,1.41,67,14.08
2019-07-02,20.8,86,1.51,80,13.05
2019-07-03,19.9,80,2.03,90,10.24
2019-07-04,21.2,80,1.63,70,26.18
2019-07-05,22.0,63,1.94,63,20.23
2019-07-06,21.4,77,3.83,17,27.41
2019-07-07,21.1,85,5.72,50,23.13
2019-07-08,19.2,94,4.71,66,8.26
2019-07-09,19.5,95,3.89,80,5.91
2019-07-10,20.7,97,5.38,85,3.59
2019-07-11,21.2,90,5.01,58,18.58
2019-07-12,21.4,83,2.39,73,21.27
2019-07-13,19.1,94,2.32,85,4.48
2019-07-14,20.9,90,2.01,70,13.59
2019-07-15,21.7,78,1.43,42,20.15
2019-07-16,23.0,73,2.58,34,25.28
2019-07-17,23.0,84,3.55,84,11.91
2019-07-18,24.2,92,4.77,97,4.64
2019-07-19,25.0,92,7.44,90,3.15
2019-07-20,24.9,88,9.86,76,9.02
2019-07-21,25.5,79,4.24,64,16.77
2019-07-22,26.0,84,2.14,67,10.64
2019-07-23,25.9,79,2.78,73,18.53
2019-07-24,26.5,76,4.26,72,15.36
2019-07-25,27.1,81,1.87,48,15.5
2019-07-26,27.4,78,3.0,63,16.63
2019-07-27,25.9,88,1.71,75,5.03
2019-07-28,26.4,77,3.92,65,13.55
2019-07-29,26.6,76,1.79,69,23.11
2019-07-30,26.9,81,3.39,58,20.58
2019-07-31,27.0,78,1.55,28,21.83
2019-08-01,25.8,83,1.21,29,19.51
2019-08-02,26.2,77,1.73,29,22.91
2019-08-03,25.7,76,2.64,73,11.99
2019-08-04,26.5,71,3.37,25,26.28
2019-08-05,25.6,78,2.38,45,21.79
2019-08-06,25.9,82,2.39,36,21.2
2019-08-07,26.9,74,2.21,20,21.18
2019-08-08,27.3,80,4.43,26,22.56
2019-08-09,26.4,84,5.6,81,18.22
2019-08-10,26.1,85,8.12,89,12.69
2019-08-11,26.4,90,9.55,88,5.12
2019-08-12,27.9,83,5.91,45,17.41
2019-08-13,26.9,79,2.41,25,18.12
2019-08-14,25.4,94,2.5,70,9.78
2019-08-15,25.0,95,5.13,74,10.44
2019-08-16,24.5,83,4.96,35,17.66
2019-08-17,25.4,62,2.31,1,26.55
2019-08-18,23.7,80,1.76,41,15.43
2019-08-19,23.1,80,1.53,77,18.86
2019-08-20,24.0,92,2.98,69,12.54
2019-08-21,26.2,85,2.54,51,12.54
2019-08-22,26.1,81,4.14,49,12.67
2019-08-23,23.6,79,2.39,52,10.67
2019-08-24,22.8,73,1.6,61,8.88
2019-08-25,21.6,75,1.38,74,6.29
2019-08-26,23.6,87,3.62,68,7.82
2019-08-27,26.3,87,4.8,68,5.84
2019-08-28,23.0,94,2.8,73,4.47
2019-08-29,21.0,84,1.82,76,6.3
2019-08-30,22.1,77,3.17,24,23.8
2019-08-31,20.7,72,1.59,50,18.75
2019-09-01,20.4,84,2.32,78,5.02
2019-09-02,23.2,90,2.59,78,5.89
2019-09-03,24.1,87,2.42,85,6.29
2019-09-04,24.5,88,3.59,77,5.82
2019-09-05,24.8,85,3.47,71,10.74
2019-09-06,24.6,92,7.45,90,5.31
2019-09-07,25.7,84,9.01,46,19.12
2019-09-08,22.6,89,2.27,74,5.85
2019-09-09,24.5,92,4.91,79,6.23
2019-09-10,24.4,76,2.18,55,12.04
2019-09-11,23.5,90,1.39,43,12.31
2019-09-12,22.3,93,4.39,63,8.64
2019-09-13,21.6,84,3.95,27,19.7
2019-09-14,21.2,81,2.33,17,21.0
2019-09-15,21.2,92,1.6,43,11.84
2019-09-16,21.3,93,2.25,57,13.82
2019-09-17,20.2,84,3.28,24,18.6
2019-09-18,18.8,83,2.43,22,19.14
2019-09-19,18.4,77,3.56,25,20.38
2019-09-20,19.1,77,4.84,53,16.02
2019-09-21,18.7,96,6.42,93,1.93
2019-09-22,19.9,97,8.85,90,1.62
2019-09-23,17.6,82,3.66,44,15.02
2019-09-24,16.2,75,2.65,19,21.1
2019-09-25,17.4,80,2.55,61,17.74
2019-09-26,20.2,88,3.62,56,12.54
2019-09-27,22.9,89,2.3,46,11.33
2019-09-28,23.2,88,1.93,70,7.01
2019-09-29,21.4,94,1.56,51,8.73
2019-09-30,21.4,90,0.77,61,10.23
2019-10-01,21.7,93,4.44,90,4.35
2019-10-02,23.3,91,9.75,85,5.14
2019-10-03,20.7,95,6.5,61,8.44
2019-10-04,19.9,83,2.45,24,15.86
2019-10-05,17.4,89,3.38,55,6.78
2019-10-06,16.6,91,3.53,46,7.68
2019-10-07,18.8,86,4.9,60,6.96
2019-10-08,16.4,79,4.02,42,13.2
2019-10-09,13.4,63,2.37,9,20.38
2019-10-10,15.2,59,1.98,14,18.01
2019-10-11,16.9,77,1.69,21,14.72
2019-10-12,17.1,84,3.06,25,15.95
2019-10-13,16.1,78,4.03,12,17.57
2019-10-14,15.2,81,3.23,28,16.6
2019-10-15,13.7,81,3.06,44,9.81
2019-10-16,14.2,72,2.94,34,17.76
2019-10-17,14.4,84,2.74,59,9.49
2019-10-18,16.4,97,3.37,85,2.18
2019-10-19,15.7,91,2.83,60,8.88
2019-10-20,14.7,86,2.24,25,14.05
2019-10-21,15.2,82,3.05,31,16.95
2019-10-22,15.4,88,2.49,57,9.95
2019-10-23,16.9,87,3.9,82,8.62
2019-10-24,16.4,91,3.18,62,8.7
2019-10-25,16.0,86,2.75,47,14.25
2019-10-26,13.0,79,5.01,56,15.23
2019-10-27,11.4,74,3.38,40,16.28
2019-10-28,11.3,74,1.92,50,15.0
2019-10-29,13.7,74,3.99,21,12.74
2019-10-30,11.7,77,2.82,18,16.16
2019-10-31,11.7,75,2.61,3,16.46
2019-11-01,13.6,85,2.45,21,16.19
2019-11-02,15.2,75,2.24,55,11.74
2019-11-03,14.3,87,1.83,54,8.21
2019-11-04,13.0,83,2.36,23,10.46
2019-11-05,13.1,82,2.46,29,10.98
2019-11-06,10.9,78,1.94,23,15.49
2019-11-07,12.0,77,3.72,67,9.44
2019-11-08,9.4,73,3.91,11,15.27
2019-11-09,8.5,72,2.9,10,15.25
2019-11-10,12.1,67,4.13,45,9.85
2019-11-11,13.4,70,5.97,32,11.04
2019-11-12,10.4,75,2.07,42,11.28
2019-11-13,12.0,71,3.33,44,6.94
2019-11-14,7.4,66,5.96,25,13.31
2019-11-15,8.7,43,2.53,0,14.57
2019-11-16,13.7,62,2.58,8,13.87
2019-11-17,18.0,74,6.1,73,10.18
2019-11-18,11.5,80,6.94,77,3.83
2019-11-19,6.5,69,6.67,49,9.19
2019-11-20,5.7,72,3.6,23,13.18
2019-11-21,8.5,76,4.01,15,12.19
2019-11-22,14.1,80,4.4,22,9.57
2019-11-23,15.1,82,4.21,18,13.05
2019-11-24,16.3,94,3.15,72,5.27
2019-11-25,6.4,75,5.41,72,5.17
2019-11-26,9.7,92,2.91,74,4.81
2019-11-27,8.0,87,3.76,86,1.75
2019-11-28,6.4,72,2.98,52,10.93
2019-11-29,5.4,78,2.75,19,12.99
2019-11-30,8.2,65,2.18,30,12.0
2019-12-01,10.9,90,2.98,80,2.41
2019-12-02,6.4,76,6.91,72,7.47
2019-12-03,5.0,70,4.66,45,8.79
2019-12-04,6.0,70,3.34,32,8.07
2019-12-05,4.2,75,4.53,46,7.51
2019-12-06,0.1,71,4.92,59,8.62
2019-12-07,2.4,78,3.84,38,9.92
2019-12-08,4.3,82,2.75,35,9.85
2019-12-09,5.6,68,2.62,1,12.1
2019-12-10,10.5,66,3.43,33,11.35
2019-12-11,10.0,73,5.02,41,10.97
2019-12-12,4.3,71,4.52,26,11.44
2019-12-13,5.1,74,1.97,47,10.92
2019-12-14,6.2,81,3.46,61,7.72
2019-12-15,9.1,76,3.47,31,10.1
2019-12-16,11.9,75,4.46,32,10.07
2019-12-17,13.4,89,5.71,66,4.69
2019-12-18,5.7,81,5.29,43,9.53
2019-12-19,4.4,78,4.81,65,7.17
2019-12-20,3.9,76,3.33,56,8.22
2019-12-21,3.4,78,2.37,82,6.19
2019-12-22,6.6,87,2.96,70,3.48
2019-12-23,5.7,82,3.37,40,6.86
2019-12-24,5.1,76,1.91,47,9.19
2019-12-25,10.0,79,3.35,43,6.41
2019-12-26,7.8,91,4.69,85,2.29
2019-12-27,2.5,71,6.22,58,8.09
2019-12-28,2.1,77,2.05,20,11.08
2019-12-29,10.0,85,5.1,67,3.01
2019-12-30,9.3,86,5.05,76,9.01
2019-12-31,-0.8,79,7.12,70,6.97
2020-01-01,0.6,84,2.99,29,11.73
2020-01-02,2.9,87,2.56,23,9.58
2020-01-03,3.9,87,3.07,39,8.52
2020-01-04,2.7,85,2.75,19,12.1
2020-01-05,3.8,70,2.16,31,10.85
2020-01-06,12.0,76,5.4,66,3.42
2020-01-07,16.6,81,10.19,43,10.16
2020-01-08,5.3,84,8.9,70,7.59
2020-01-09,3.8,81,3.96,69,7.3
2020-01-10,3.3,76,1.74,47,10.08
2020-01-11,3.9,78,2.5,67,7.33
2020-01-12,3.6,75,5.98,61,7.77
2020-01-13,2.9,73,4.23,60,9.68
2020-01-14,1.4,86,2.58,75,3.9
2020-01-15,1.9,77,3.22,67,9.03
2020-01-16,1.8,69,1.91,80,5.94
2020-01-17,1.9,71,3.29,55,8.5
2020-01-18,2.7,75,4.52,28,11.56
2020-01-19,3.9,78,4.15,66,6.68
2020-01-20,4.2,66,4.89,48,12.33
2020-01-21,3.6,67,2.58,18,13.74
2020-01-22,9.4,86,2.5,75,3.21
2020-01-23,8.8,94,2.73,79,4.78
2020-01-24,6.6,78,2.19,72,10.77
2020-01-25,9.1,81,3.88,84,4.19
2020-01-26,8.6,80,5.29,86,6.21
2020-01-27,7.1,95,6.34,91,1.91
2020-01-28,5.7,91,2.47,77,6.9
2020-01-29,5.3,90,3.65,73,5.28
2020-01-30,4.3,83,5.12,72,6.88
2020-01-31,3.1,75,4.61,44,11.46
2020-02-01,2.6,80,3.45,15,14.71
2020-02-02,3.2,80,2.67,45,13.06
2020-02-03,2.5,83,3.52,50,6.97
2020-02-04,0.1,78,2.26,28,15.74
2020-02-05,-0.2,80,5.57,47,13.6
2020-02-06,-1.4,70,3.03,65,13.24
2020-02-07,2.2,68,2.53,75,12.89
2020-02-08,2.8,78,5.66,57,9.14
2020-02-09,2.4,73,4.85,36,11.32
2020-02-10,5.9,78,4.14,18,15.02
2020-02-11,7.2,72,2.8,63,8.87
2020-02-12,12.0,85,5.87,62,6.6
2020-02-13,9.1,81,2.43,43,15.62
2020-02-14,11.5,59,2.08,53,16.22
2020-02-15,14.9,74,4.29,66,8.59
2020-02-16,2.6,83,8.49,86,8.02
2020-02-17,-1.1,76,9.06,86,8.53
2020-02-18,0.3,75,6.14,47,15.15
2020-02-19,1.7,78,1.82,65,14.48
2020-02-20,5.1,72,2.04,29,17.11
2020-02-21,10.2,66,4.43,32,16.29
2020-02-22,7.6,72,5.97,26,17.67
2020-02-23,3.7,65,3.23,1,18.65
2020-02-24,8.4,57,2.27,53,13.1
2020-02-25,15.0,83,7.71,65,11.83
2020-02-26,9.1,94,2.86,79,8.56
2020-02-27,5.7,82,3.19,25,16.18
2020-02-28,7.6,80,4.45,72,5.26
2020-02-29,9.5,97,3.25,83,3.01
2020-03-01,9.1,94,3.62,85,4.5
2020-03-02,4.2,74,4.54,48,19.1
2020-03-03,7.0,76,2.19,69,10.2
2020-03-04,4.7,75,6.06,65,15.12
2020-03-05,1.9,68,5.14,27,20.01
2020-03-06,3.1,72,2.28,28,18.8
2020-03-07,7.1,88,1.89,65,8.56
2020-03-08,9.0,78,2.89,41,20.39
2020-03-09,11.0,87,4.91,86,5.03
2020-03-10,7.3,92,6.77,81,5.28
2020-03-11,4.4,65,6.19,7,20.47
2020-03-12,5.8,56,2.02,33,20.94
2020-03-13,7.0,63,2.97,67,14.42
2020-03-14,3.7,62,6.11,15,21.03
2020-03-15,6.9,63,7.01,6,21.36
2020-03-16,3.5,56,4.47,32,21.77
2020-03-17,10.0,43,3.79,47,21.24
2020-03-18,12.3,51,3.47,25,21.16
2020-03-19,11.2,53,7.66,21,20.64
2020-03-20,8.4,45,2.9,0,22.71
2020-03-21,17.3,38,6.95,31,21.85
2020-03-22,13.6,77,3.56,84,17.41
2020-03-23,7.9,57,3.02,34,22.82
2020-03-24,8.8,69,2.63,3,22.75
2020-03-25,12.7,63,3.02,27,22.44
2020-03-26,16.5,85,5.97,74,6.91
2020-03-27,10.6,90,5.25,67,4.53
2020-03-28,5.2,69,2.56,63,5.8
2020-03-29,7.3,75,3.11,48,14.64
2020-03-30,9.5,82,3.16,56,7.95
2020-03-31,10.1,72,2.8,37,22.13
2020-04-01,8.1,76,4.76,42,21.06
2020-04-02,7.7,78,2.25,25,19.39
2020-04-03,8.2,64,2.47,37,19.55
2020-04-04,7.9,66,4.64,16,24.16
2020-04-05,4.9,65,3.51,8,25.36
2020-04-06,6.7,62,2.45,26,23.21
2020-04-07,10.0,45,3.5,7,25.01
2020-04-08,9.7,60,3.2,4,24.44
2020-04-09,8.0,57,2.41,7,24.4
2020-04-10,8.5,70,2.11,27,20.22
2020-04-11,8.9,87,2.37,69,7.15
2020-04-12,6.0,92,3.8,90,3.52
2020-04-13,6.7,75,4.88,27,22.89
2020-04-14,10.1,58,2.35,22,25.51
2020-04-15,9.6,52,2.13,53,16.09
2020-04-16,12.7,58,3.77,21,25.05
2020-04-17,13.8,73,7.77,62,6.83
2020-04-18,9.9,80,3.85,25,25.05
2020-04-19,11.4,87,7.4,77,3.35
2020-04-20,11.2,83,5.03,59,23.6
2020-04-21,8.5,61,5.39,47,23.11
2020-04-22,7.0,63,6.84,18,25.98
2020-04-23,6.6,67,6.04,30,19.65
2020-04-24,9.0,52,4.89,3,27.63
2020-04-25,14.4,51,8.22,2,27.22
2020-04-26,10.6,69,2.88,45,25.87
2020-04-27,10.4,52,2.86,19,26.72
2020-04-28,10.8,52,3.12,0,27.5
2020-04-29,12.8,47,2.24,0,27.41
2020-04-30,16.6,69,4.23,4,26.86
2020-05-01,19.9,63,2.77,51,26.18
2020-05-02,17.1,74,3.54,81,6.86
2020-05-03,18.4,92,3.81,66,10.13
2020-05-04,16.9,88,2.66,47,21.51
2020-05-05,17.0,79,2.51,60,22.43
2020-05-06,16.6,80,4.02,30,22.94
2020-05-07,14.4,72,6.66,12,28.01
2020-05-08,17.4,75,8.7,46,20.15
2020-05-09,19.2,84,9.24,39,20.77
2020-05-10,13.9,91,4.58,58,13.91
2020-05-11,17.3,62,3.32,5,27.88
2020-05-12,15.4,65,5.77,16,28.49
2020-05-13,13.6,59,2.33,0,28.85
2020-05-14,18.5,45,4.26,36,20.05
2020-05-15,20.0,87,5.79,77,6.19
2020-05-16,17.2,90,2.09,55,14.88
2020-05-17,16.3,75,1.17,55,26.45
2020-05-18,18.5,89,3.6,63,15.09
2020-05-19,13.1,79,7.39,36,19.3
2020-05-20,13.5,71,3.27,16,28.34
2020-05-21,16.1,68,2.9,29,26.63
2020-05-22,16.6,70,5.6,28,26.56
2020-05-23,18.8,68,2.41,10,25.02
2020-05-24,20.0,72,2.84,27,20.87
2020-05-25,16.6,85,1.67,67,11.2
2020-05-26,16.4,66,2.46,39,14.81
2020-05-27,16.1,74,2.92,34,25.89
2020-05-28,18.1,58,3.96,22,22.19
2020-05-29,18.7,52,2.19,41,21.98
2020-05-30,18.8,65,3.49,75,9.7
2020-05-31,18.6,91,4.11,65,11.05
2020-06-01,18.7,80,2.56,51,21.83
2020-06-02,19.5,53,1.94,26,27.76
2020-06-03,20.7,84,1.41,80,8.34
2020-06-04,21.0,82,1.48,68,22.13
2020-06-05,20.2,83,1.42,63,19.42
2020-06-06,20.7,86,1.81,69,20.05
2020-06-07,21.2,73,2.31,10,26.5
2020-06-08,22.9,52,4.51,8,28.62
2020-06-09,22.6,78,8.27,15,25.6
2020-06-10,22.6,82,6.39,51,9.42
2020-06-11,21.6,97,2.27,85,7.52
2020-06-12,22.5,93,1.29,58,13.12
2020-06-13,25.0,86,6.11,80,4.18
2020-06-14,23.3,90,6.76,75,6.79
2020-06-15,21.0,80,2.7,42,23.93
2020-06-16,21.3,64,2.2,51,24.44
2020-06-17,18.7,82,1.91,75,5.28
2020-06-18,21.2,93,3.53,72,4.9
2020-06-19,18.9,89,2.96,67,9.86
2020-06-20,20.5,76,3.24,35,21.82
2020-06-21,19.8,80,4.16,24,26.63
2020-06-22,21.2,78,2.41,9,27.16
2020-06-23,22.9,67,4.38,32,26.61
2020-06-24,23.4,84,7.39,77,2.96
2020-06-25,21.9,91,1.88,62,6.09
2020-06-26,21.0,80,1.95,17,27.78
2020-06-27,22.5,93,1.23,63,13.04
2020-06-28,22.3,73,2.02,50,21.18
2020-06-29,22.1,81,5.39,69,5.48
2020-06-30,20.0,91,8.43,67,14.18
2020-07-01,19.8,82,3.5,42,22.94
2020-07-02,20.8,65,2.26,52,15.07
2020-07-03,19.8,91,5.28,84,3.36
2020-07-04,18.5,98,2.54,96,3.14
2020-07-05,19.6,93,1.43,60,14.99
2020-07-06,21.8,95,1.7,85,5.11
2020-07-07,22.8,92,2.58,58,11.64
2020-07-08,21.5,88,1.6,35,20.41
2020-07-09,21.4,95,2.62,71,11.56
2020-07-10,24.1,89,4.52,62,19.02
2020-07-11,21.2,92,2.21,68,10.01
2020-07-12,22.9,88,4.92,80,4.9
2020-07-13,24.3,88,7.92,81,4.26
2020-07-14,19.8,91,6.29,82,8.33
2020-07-15,18.9,90,3.73,71,10.33
2020-07-16,19.7,84,2.37,37,16.14
2020-07-17,20.8,73,2.83,20,27.48
2020-07-18,20.7,85,2.49,72,6.94
2020-07-19,26.1,84,6.56,62,13.07
2020-07-20,25.7,86,5.39,53,18.0
2020-07-21,22.9,95,1.29,82,5.35
2020-07-22,24.6,89,2.46,57,10.38
2020-07-23,24.6,85,4.95,76,3.64
2020-07-24,20.6,91,7.56,74,7.68
2020-07-25,20.6,91,4.7,62,13.23
2020-07-26,20.9,83,1.61,38,19.31
2020-07-27,23.0,85,3.52,77,3.27
2020-07-28,26.6,81,2.86,47,14.87
2020-07-29,25.5,87,1.22,34,14.2
2020-07-30,24.8,89,1.53,47,15.33
2020-07-31,24.7,79,1.75,45,19.76
2020-08-01,25.7,74,1.98,47,17.62
2020-08-02,26.6,77,3.71,39,23.61
2020-08-03,26.4,77,3.96,21,22.7
2020-08-04,27.2,77,5.27,16,24.92
2020-08-05,26.9,83,7.11,63,12.68
2020-08-06,27.0,80,7.46,74,9.18
2020-08-07,26.1,80,4.81,79,6.91
2020-08-08,26.6,81,7.26,91,3.84
2020-08-09,27.1,78,7.65,47,24.11
2020-08-10,26.2,88,4.9,75,4.27
2020-08-11,26.2,87,3.11,54,6.9
2020-08-12,26.4,84,3.02,39,14.28
2020-08-13,27.8,74,3.85,21,24.37
2020-08-14,28.2,70,3.9,8,25.71
2020-08-15,27.8,68,2.83,6,25.68
2020-08-16,25.8,82,1.65,10,23.97
2020-08-17,25.6,78,1.94,22,17.4
2020-08-18,25.4,82,2.01,20,19.96
2020-08-19,25.3,82,2.09,23,20.78
2020-08-20,25.1,81,2.12,16,22.19
2020-08-21,24.9,82,2.32,13,23.01
2020-08-22,25.1,89,2.67,53,12.27
2020-08-23,25.6,84,2.05,37,15.79
2020-08-24,26.7,80,2.9,20,18.43
2020-08-25,26.9,88,6.61,40,16.26
2020-08-26,26.9,87,11.76,91,4.47
2020-08-27,27.2,82,3.93,60,11.37
2020-08-28,25.7,84,2.58,47,13.09
2020-08-29,26.0,85,0.98,43,14.35
2020-08-30,25.8,83,2.08,25,16.21
2020-08-31,25.7,88,3.92,38,19.19
2020-09-01,25.3,94,4.95,65,8.5
2020-09-02,24.5,96,10.68,92,2.55
2020-09-03,23.2,83,7.13,36,21.43
2020-09-04,22.8,59,2.71,7,24.3
2020-09-05,19.6,80,3.84,68,6.08
2020-09-06,19.7,98,5.47,92,1.37
2020-09-07,20.4,94,8.21,70,4.65
2020-09-08,24.0,72,3.21,2,23.26
2020-09-09,22.9,77,2.97,19,18.64
2020-09-10,21.3,79,2.26,32,15.17
2020-09-11,20.6,83,2.29,71,6.58
2020-09-12,19.8,93,2.51,75,4.28
2020-09-13,19.8,93,2.11,55,7.76
2020-09-14,20.5,89,2.64,60,10.43
2020-09-15,20.4,83,1.68,58,9.71
2020-09-16,21.5,91,2.08,73,9.6
2020-09-17,19.6,94,1.59,80,4.23
2020-09-18,17.8,81,2.4,64,6.53
2020-09-19,18.6,60,2.35,34,17.94
2020-09-20,18.9,66,2.46,1,22.75
2020-09-21,17.8,71,2.95,25,21.49
2020-09-22,17.8,82,4.49,59,8.28
2020-09-23,18.2,92,4.05,79,3.55
2020-09-24,18.6,93,4.3,77,4.45
2020-09-25,18.7,82,2.19,35,19.53
2020-09-26,18.5,83,2.84,37,14.45
2020-09-27,18.3,84,3.86,34,17.65
2020-09-28,17.6,79,4.09,23,19.07
2020-09-29,17.1,74,2.57,30,19.25
2020-09-30,17.6,85,2.21,41,15.3
2020-10-01,17.4,87,1.44,46,11.02
2020-10-02,18.3,76,2.09,26,16.79
2020-10-03,18.5,80,1.82,51,11.61
2020-10-04,18.5,84,2.45,75,5.8
2020-10-05,14.9,71,4.42,31,19.38
2020-10-06,14.2,72,2.67,21,19.95
2020-10-07,16.1,75,4.11,39,16.28
2020-10-08,17.1,76,6.66,47,14.66
2020-10-09,16.4,81,4.6,78,6.75
2020-10-10,16.6,87,2.7,54,10.41
2020-10-11,17.3,83,2.61,31,14.49
2020-10-12,16.5,82,2.97,29,16.19
2020-10-13,14.1,77,2.9,32,13.08
2020-10-14,13.8,70,2.6,18,16.9
2020-10-15,12.4,69,1.66,36,13.63
2020-10-16,13.9,80,2.43,66,5.17
2020-10-17,13.5,76,2.47,18,17.7
2020-10-18,13.7,82,2.07,50,11.47
2020-10-19,14.0,79,2.5,28,15.31
2020-10-20,15.4,75,4.25,11,16.77
2020-10-21,15.8,87,3.22,70,4.19
2020-10-22,14.1,82,3.67,72,6.41
2020-10-23,11.4,69,6.41,46,14.22
2020-10-24,11.0,74,4.88,29,15.51
2020-10-25,11.5,83,2.81,18,14.72
2020-10-26,12.3,78,2.27,15,16.02
2020-10-27,13.2,76,2.06,17,14.77
2020-10-28,13.6,79,2.05,53,8.15
2020-10-29,10.2,74,2.16,22,14.34
2020-10-30,10.4,76,2.45,16,15.74
2020-10-31,13.0,74,3.5,15,13.22
2020-11-01,14.9,62,1.93,47,10.3
2020-11-02,12.7,78,2.18,41,10.7
2020-11-03,9.5,71,5.7,43,9.42
2020-11-04,8.3,71,3.34,12,15.85
2020-11-05,10.8,63,2.4,26,13.74
2020-11-06,15.2,79,1.39,29,10.86
2020-11-07,14.8,88,2.99,36,11.03
2020-11-08,11.3,71,4.88,9,14.0
2020-11-09,7.5,71,3.79,8,14.79
2020-11-10,7.6,80,2.43,16,11.08
2020-11-11,8.0,72,2.62,1,14.65
2020-11-12,11.5,80,2.94,11,12.88
2020-11-13,11.0,75,2.24,0,14.52
2020-11-14,12.6,82,3.57,12,12.52
2020-11-15,13.8,82,2.17,27,11.52
2020-11-16,14.7,81,2.27,31,12.54
2020-11-17,17.2,77,3.32,6,12.43
2020-11-18,19.9,82,7.07,53,7.75
2020-11-19,18.9,88,7.11,67,3.75
2020-11-20,9.7,86,5.44,71,6.68
2020-11-21,9.8,84,2.94,22,11.95
2020-11-22,10.6,90,4.08,82,0.86
2020-11-23,6.5,79,4.98,49,10.22
2020-11-24,6.5,68,2.95,30,11.21
2020-11-25,6.8,77,2.57,24,11.89
2020-11-26,7.3,80,1.84,65,6.32
2020-11-27,7.8,80,5.31,69,5.17
2020-11-28,4.9,77,6.14,83,4.11
2020-11-29,6.2,76,4.7,78,4.45
2020-11-30,5.7,82,3.97,79,3.65
2020-12-01,4.1,74,2.54,19,12.62
2020-12-02,5.2,75,2.58,18,10.08
2020-12-03,4.6,81,3.95,49,6.95
2020-12-04,4.1,76,4.27,47,7.63
2020-12-05,4.3,77,2.88,16,11.5
2020-12-06,4.7,79,2.55,2,12.19
2020-12-07,6.4,78,2.91,45,7.28
2020-12-08,5.6,76,4.14,41,9.49
2020-12-09,3.5,75,1.97,12,12.26
2020-12-10,6.2,72,2.17,51,6.83
2020-12-11,7.0,85,1.51,68,1.9
2020-12-12,6.6,74,3.64,39,11.41
2020-12-13,6.3,62,4.8,53,9.89
2020-12-14,0.4,77,7.19,90,2.14
2020-12-15,-0.0,81,4.52,90,2.85
2020-12-16,0.9,83,5.29,88,2.13
2020-12-17,2.1,77,3.95,67,6.93
2020-12-18,3.6,74,3.95,52,6.09
2020-12-19,0.8,75,5.26,54,8.01
2020-12-20,2.4,78,3.72,71,3.78
2020-12-21,3.7,73,3.2,54,8.83
2020-12-22,4.3,71,3.27,16,9.99
2020-12-23,6.7,59,2.21,41,11.13
2020-12-24,6.9,76,4.36,47,10.11
2020-12-25,3.0,72,5.0,30,10.98
2020-12-26,4.1,73,2.31,28,11.43
2020-12-27,8.4,87,3.75,71,4.36
2020-12-28,8.1,83,2.52,29,12.1
2020-12-29,7.3,92,4.05,64,3.89
2020-12-30,-1.9,83,9.73,91,3.01
2020-12-31,-0.6,75,7.25,86,3.8
2021-01-01,1.4,73,4.41,72,7.26
2021-01-02,2.3,74,4.48,57,7.33
2021-01-03,-1.0,86,1.67,54,11.2
2021-01-04,1.7,78,2.38,42,11.3
2021-01-05,2.1,79,4.61,64,3.55
2021-01-06,0.0,73,6.12,78,4.64
2021-01-07,-4.3,80,8.59,92,2.8
2021-01-08,-3.8,70,7.53,82,5.33
2021-01-09,-2.1,75,6.95,88,2.84
2021-01-10,0.2,74,5.03,82,4.42
2021-01-11,1.0,83,2.63,80,2.91
2021-01-12,1.5,72,4.45,66,5.0
2021-01-13,6.1,62,5.29,1,13.04
2021-01-14,7.3,68,2.75,0,13.02
2021-01-15,9.2,75,4.41,26,12.89
2021-01-16,1.7,83,6.36,63,10.14
2021-01-17,-0.6,72,6.45,73,6.45
2021-01-18,2.6,66,6.18,41,11.39
2021-01-19,-0.2,69,2.76,3,13.78
2021-01-20,5.8,74,3.19,2,13.28
2021-01-21,10.2,68,2.12,40,7.11
2021-01-22,9.5,96,1.98,88,2.28
2021-01-23,9.9,98,4.0,95,0.87
2021-01-24,8.1,81,4.92,50,12.59
2021-01-25,8.9,83,5.58,40,11.55
2021-01-26,8.2,93,3.84,90,1.39
2021-01-27,3.7,65,2.79,14,14.69
2021-01-28,3.2,67,7.06,47,9.08
2021-01-29,-1.6,76,6.6,63,7.81
2021-01-30,3.3,65,4.04,3,14.9
2021-01-31,7.8,63,4.06,42,11.45
2021-02-01,10.0,86,5.11,70,3.46
2021-02-02,1.0,76,6.02,34,13.63
2021-02-03,0.9,69,2.56,8,15.56
2021-02-04,3.3,76,4.38,27,15.06
2021-02-05,3.7,60,1.95,55,7.98
2021-02-06,8.1,63,3.1,8,15.79
2021-02-07,8.1,74,3.83,6,15.84
2021-02-08,0.8,76,5.47,24,14.49
2021-02-09,0.2,78,2.53,5,16.22
2021-02-10,3.9,63,2.58,36,15.47
2021-02-11,6.2,72,3.01,85,8.49
2021-02-12,8.6,69,2.93,66,6.88
2021-02-13,11.0,71,2.58,39,10.73
2021-02-14,11.9,85,2.28,52,8.68
2021-02-15,5.2,89,6.71,73,4.72
2021-02-16,2.4,70,6.08,40,16.78
2021-02-17,-2.1,72,9.26,81,5.09
2021-02-18,-1.4,81,8.12,89,4.84
2021-02-19,4.7,59,4.61,8,18.13
2021-02-20,12.8,50,7.87,0,17.79
2021-02-21,15.2,47,7.65,1,18.24
2021-02-22,13.5,59,5.89,11,17.18
2021-02-23,3.3,67,2.59,20,18.14
2021-02-24,5.5,68,2.56,7,18.28
2021-02-25,8.9,83,5.3,64,9.46
2021-02-26,8.3,87,7.55,88,3.44
2021-02-27,8.0,78,8.97,68,13.02
2021-02-28,11.1,84,7.33,75,5.46
2021-03-01,13.6,91,8.98,73,5.76
2021-03-02,3.1,89,5.41,68,10.13
2021-03-03,5.0,77,3.81,26,17.04
2021-03-04,7.9,92,2.64,78,4.17
2021-03-05,9.9,84,2.42,69,16.93
2021-03-06,7.9,78,4.02,57,9.76
2021-03-07,6.7,85,4.05,62,8.8
2021-03-08,7.0,81,2.43,32,19.91
2021-03-09,7.3,76,2.78,44,15.38
2021-03-10,7.8,68,3.59,2,20.45
2021-03-11,11.7,75,3.47,64,13.19
2021-03-12,8.8,97,4.02,91,1.66
2021-03-13,8.2,84,2.37,52,17.47
2021-03-14,8.0,64,2.7,0,21.28
2021-03-15,11.7,63,2.9,37,20.31
2021-03-16,10.9,76,4.31,49,11.8
2021-03-17,8.6,58,2.75,18,21.68
2021-03-18,10.8,79,4.18,17,21.39
2021-03-19,10.6,92,4.81,65,7.42
2021-03-20,11.7,96,5.02,88,3.12
2021-03-21,5.7,76,7.52,54,19.04
2021-03-22,4.7,62,6.56,18,22.44
2021-03-23,8.5,55,4.03,0,22.74
2021-03-24,10.1,58,2.0,36,18.3
2021-03-25,11.2,60,2.41,2,23.33
2021-03-26,12.3,47,1.56,11,23.47
2021-03-27,14.8,78,7.38,57,5.92
2021-03-28,13.2,74,5.67,25,22.22
2021-03-29,13.3,53,3.61,6,23.53
2021-03-30,10.6,41,1.79,21,23.16
2021-03-31,14.1,37,4.6,75,16.31
2021-04-01,11.3,83,7.92,73,3.12
2021-04-02,13.9,87,9.86,65,11.09
2021-04-03,16.6,90,7.37,69,6.68
2021-04-04,8.5,99,4.49,99,4.84
2021-04-05,8.9,72,3.18,35,24.05
2021-04-06,9.7,70,2.75,15,23.71
2021-04-07,11.4,56,2.63,36,22.92
2021-04-08,10.3,57,2.97,33,22.65
2021-04-09,9.7,75,3.19,28,18.63
2021-04-10,10.8,77,4.88,23,21.84
2021-04-11,12.8,69,5.21,29,24.89
2021-04-12,15.4,82,8.09,85,2.96
2021-04-13,10.0,90,6.22,73,17.2
2021-04-14,6.6,71,4.47,36,24.63
2021-04-15,9.6,63,2.56,21,22.45
2021-04-16,12.1,79,1.8,28,21.69
2021-04-17,10.1,76,5.2,26,24.28
2021-04-18,8.0,68,6.22,20,25.77
2021-04-19,10.3,43,3.32,0,27.18
2021-04-20,12.5,42,2.23,3,26.81
2021-04-21,13.1,49,1.67,37,18.68
2021-04-22,17.4,52,5.83,49,20.24
2021-04-23,16.8,68,6.53,54,20.68
2021-04-24,15.7,85,4.27,38,19.81
2021-04-25,14.9,75,3.1,25,24.52
2021-04-26,12.8,70,5.11,36,23.97
2021-04-27,14.0,66,1.78,53,12.77
2021-04-28,14.2,90,1.95,64,17.38
2021-04-29,15.2,54,5.11,22,27.23
2021-04-30,14.0,67,5.55,25,27.56
2021-05-01,10.2,85,5.78,64,12.66
2021-05-02,9.6,78,4.85,18,22.88
2021-05-03,12.1,62,1.71,23,26.8
2021-05-04,16.4,82,6.92,80,5.72
2021-05-05,13.3,62,5.39,36,27.11
2021-05-06,15.7,34,2.52,23,25.92
2021-05-07,16.5,61,4.48,32,25.63
2021-05-08,15.8,55,4.33,35,26.54
2021-05-09,16.1,57,2.13,18,26.68
2021-05-10,18.7,70,2.05,15,26.28
2021-05-11,16.7,96,5.99,85,8.01
2021-05-12,14.3,98,6.24,97,7.17
2021-05-13,17.5,84,3.8,43,24.77
2021-05-14,18.2,91,2.19,81,9.1
2021-05-15,23.2,85,4.74,49,14.64
2021-05-16,22.8,88,7.56,60,8.76
2021-05-17,14.6,98,4.37,91,4.01
2021-05-18,15.4,72,2.78,36,26.11
2021-05-19,17.7,68,1.96,48,26.94
2021-05-20,17.2,89,4.18,77,8.38
2021-05-21,15.1,74,5.73,39,25.46
2021-05-22,16.4,69,2.7,24,28.01
2021-05-23,18.6,62,1.56,30,25.98
2021-05-24,17.2,69,2.94,40,25.32
2021-05-25,17.6,47,5.61,30,24.27
2021-05-26,17.2,52,3.79,76,8.09
2021-05-27,17.2,78,4.01,51,22.35
2021-05-28,19.3,61,6.85,28,24.01
2021-05-29,17.1,69,2.82,10,28.51
2021-05-30,19.8,48,2.45,6,27.64
2021-05-31,20.3,51,1.79,9,28.02
2021-06-01,21.4,57,2.0,22,27.48
2021-06-02,20.5,65,6.15,71,12.74
2021-06-03,21.2,87,6.78,69,16.28
2021-06-04,17.4,70,3.58,51,24.05
2021-06-05,21.0,57,3.96,24,25.97
2021-06-06,21.0,54,1.55,22,26.59
2021-06-07,20.7,57,1.79,17,27.5
2021-06-08,22.9,64,2.77,42,26.29
2021-06-09,24.0,77,2.63,37,19.74
2021-06-10,22.7,75,6.78,78,9.06
2021-06-11,21.9,94,2.43,78,4.37
2021-06-12,21.2,93,1.93,69,22.46
2021-06-13,19.6,91,1.51,72,20.96
2021-06-14,19.3,80,1.33,37,26.22
2021-06-15,21.2,90,4.45,83,3.07
2021-06-16,19.8,95,5.73,86,8.75
2021-06-17,19.5,94,3.71,71,8.9
2021-06-18,20.4,91,1.53,61,8.29
2021-06-19,20.7,76,2.89,38,27.87
2021-06-20,21.6,56,2.25,11,27.64
2021-06-21,22.4,57,2.48,9,27.69
2021-06-22,22.7,69,2.63,10,27.39
2021-06-23,20.6,76,2.38,14,25.28
2021-06-24,20.6,81,1.68,49,15.49
2021-06-25,21.3,80,1.33,59,12.98
2021-06-26,22.1,76,2.89,57,13.93
2021-06-27,22.7,81,3.75,39,19.76
2021-06-28,21.6,88,3.69,36,19.18
2021-06-29,22.0,82,2.67,32,19.29
2021-06-30,22.4,80,3.25,34,21.69
2021-07-01,22.8,85,2.98,23,19.75
2021-07-02,23.0,88,3.36,63,15.36
2021-07-03,24.2,89,6.9,86,3.58
2021-07-04,24.2,90,3.57,86,2.8
2021-07-05,25.0,86,3.94,75,13.65
2021-07-06,25.8,81,8.93,75,13.73
2021-07-07,25.2,90,3.24,56,11.22
2021-07-08,25.9,86,3.44,72,7.61
2021-07-09,25.1,84,3.57,44,19.97
2021-07-10,25.3,81,2.22,33,21.47
2021-07-11,26.1,83,2.21,32,20.04
2021-07-12,25.7,82,1.67,52,15.22
2021-07-13,26.3,78,3.43,41,19.27
2021-07-14,25.9,77,2.75,70,14.49
2021-07-15,25.0,78,1.33,35,21.41
2021-07-16,24.6,84,1.72,33,17.87
2021-07-17,24.1,84,3.4,51,14.83
2021-07-18,23.8,89,4.78,85,8.19
2021-07-19,25.0,82,5.14,50,17.57
2021-07-20,24.8,85,4.54,54,16.5
2021-07-21,25.3,84,4.62,19,26.31
2021-07-22,25.3,85,5.09,34,24.09
2021-07-23,24.6,89,4.5,72,10.5
2021-07-24,25.0,87,5.32,69,12.56
2021-07-25,24.3,89,7.83,88,3.7
2021-07-26,24.5,87,7.97,82,9.04
2021-07-27,25.5,77,6.11,9,27.55
2021-07-28,25.6,77,4.66,3,27.67
2021-07-29,25.5,71,1.93,33,24.17
2021-07-30,25.3,79,1.81,30,16.26
2021-07-31,25.1,95,1.08,65,7.01
2021-08-01,26.1,82,1.34,35,16.57
2021-08-02,25.5,84,1.49,37,16.29
2021-08-03,25.9,78,3.45,33,23.49
2021-08-04,26.0,78,4.99,19,20.76
2021-08-05,26.5,74,3.89,16,23.77
2021-08-06,25.9,80,2.45,10,26.1
2021-08-07,25.9,88,2.19,32,19.68
2021-08-08,24.7,91,2.53,47,8.99
2021-08-09,24.5,92,3.63,44,18.33
2021-08-10,24.1,86,2.12,48,17.15
2021-08-11,24.3,88,2.87,66,9.26
2021-08-12,23.8,92,1.57,84,4.32
2021-08-13,22.8,93,3.52,72,7.13
2021-08-14,22.3,95,4.26,82,1.86
2021-08-15,23.0,87,3.82,70,8.46
2021-08-16,22.9,91,5.4,75,6.01
2021-08-17,23.0,86,3.07,45,18.07
2021-08-18,22.8,80,2.23,29,21.12
2021-08-19,22.3,84,1.71,34,13.21
2021-08-20,24.2,77,3.56,39,20.62
2021-08-21,25.2,87,5.31,85,2.38
2021-08-22,23.7,92,1.2,56,6.59
2021-08-23,25.1,86,5.43,71,12.33
2021-08-24,26.9,86,5.99,62,14.43
2021-08-25,25.3,90,2.57,70,6.54
2021-08-26,24.9,79,1.71,28,20.43
2021-08-27,25.1,82,3.3,23,22.9
2021-08-28,25.6,79,3.23,22,18.02
2021-08-29,25.8,78,3.2,11,21.99
2021-08-30,24.7,88,2.15,25,14.49
2021-08-31,24.3,77,1.97,42,17.6
2021-09-01,25.6,80,4.52,54,20.44
2021-09-02,22.0,92,2.04,76,4.68
2021-09-03,22.6,94,2.82,74,7.42
2021-09-04,22.6,88,3.91,59,10.68
2021-09-05,22.1,90,5.34,81,3.6
2021-09-06,22.4,90,5.76,82,3.25
2021-09-07,24.1,86,4.37,58,10.92
2021-09-08,21.3,83,3.44,40,15.68
2021-09-09,21.2,82,1.7,32,16.29
2021-09-10,21.4,91,1.42,73,3.91
2021-09-11,23.0,83,2.52,29,17.52
2021-09-12,23.1,87,3.94,64,16.48
2021-09-13,22.9,92,7.65,96,2.39
2021-09-14,23.7,96,8.5,95,3.12
2021-09-15,21.8,95,7.98,93,2.29
2021-09-16,21.9,96,7.6,94,1.47
2021-09-17,22.3,98,6.96,88,2.33
2021-09-18,20.9,92,2.68,61,8.28
2021-09-19,21.3,83,3.55,18,19.03
2021-09-20,23.0,80,3.74,20,17.76
2021-09-21,22.1,84,4.09,39,13.82
2021-09-22,23.2,65,3.85,1,22.01
2021-09-23,20.9,81,2.81,36,20.62
2021-09-24,19.2,83,2.99,23,14.76
2021-09-25,20.9,84,4.45,42,11.88
2021-09-26,20.8,87,3.87,52,7.61
2021-09-27,20.6,90,3.35,55,8.88
2021-09-28,22.6,84,2.68,40,11.46
2021-09-29,23.1,84,1.06,28,14.54
2021-09-30,20.9,94,2.54,70,13.5
2021-10-01,20.0,84,2.41,13,19.78
2021-10-02,20.5,72,2.02,0,20.65
2021-10-03,21.9,56,3.09,1,20.91
2021-10-04,23.7,66,4.41,10,19.95
2021-10-05,21.8,80,1.97,14,17.07
2021-10-06,21.6,80,3.17,20,13.65
2021-10-07,21.2,76,2.63,15,18.48
2021-10-08,21.4,83,2.96,38,12.53
2021-10-09,22.5,84,3.45,33,9.82
2021-10-10,23.3,82,2.3,36,9.98
2021-10-11,18.8,95,2.2,85,7.29
2021-10-12,20.6,96,3.69,87,3.61
2021-10-13,21.0,94,4.28,71,3.91
2021-10-14,21.2,89,2.54,31,14.63
2021-10-15,19.5,85,1.64,39,10.35
2021-10-16,14.9,86,5.04,81,4.41
2021-10-17,8.5,72,4.77,34,17.91
2021-10-18,9.4,67,2.2,10,17.68
2021-10-19,12.9,72,4.58,45,10.31
2021-10-20,11.5,73,3.5,63,9.22
2021-10-21,11.4,75,3.39,44,11.69
2021-10-22,12.4,71,4.53,44,11.34
2021-10-23,11.7,73,2.56,9,16.92
2021-10-24,14.2,73,2.31,47,7.64
2021-10-25,12.7,83,2.37,21,15.26
2021-10-26,12.3,74,2.57,12,17.11
2021-10-27,13.0,80,3.19,16,14.64
2021-10-28,11.5,75,2.25,14,16.48
2021-10-29,14.9,81,3.49,36,11.81
2021-10-30,14.2,84,2.36,41,7.9
2021-10-31,13.4,79,2.22,8,16.04
2021-11-01,13.8,84,2.71,35,13.04
2021-11-02,11.2,77,3.25,21,13.58
2021-11-03,10.7,81,3.07,20,15.17
2021-11-04,12.8,81,2.94,22,12.38
2021-11-05,13.9,73,3.51,49,9.43
2021-11-06,16.1,73,5.44,43,10.53
2021-11-07,16.0,79,5.7,51,12.63
2021-11-08,11.6,84,7.07,83,3.23
2021-11-09,8.4,73,6.65,72,5.04
2021-11-10,9.2,73,6.92,72,5.41
2021-11-11,10.6,74,5.82,65,8.5
2021-11-12,9.5,65,6.15,51,8.88
2021-11-13,10.2,67,3.28,41,11.47
2021-11-14,11.5,67,3.62,7,14.17
2021-11-15,10.6,73,2.54,2,13.97
2021-11-16,10.0,78,2.26,32,9.69
2021-11-17,9.0,72,2.16,19,13.68
2021-11-18,10.4,66,2.03,11,14.01
2021-11-19,11.7,43,2.69,0,13.96
2021-11-20,11.5,76,2.58,8,13.58
2021-11-21,13.0,84,2.26,64,7.41
2021-11-22,7.9,77,7.54,76,6.4
2021-11-23,5.7,70,6.84,79,4.63
2021-11-24,7.8,68,5.1,29,11.22
2021-11-25,9.5,72,4.42,5,12.88
2021-11-26,7.2,78,2.51,2,13.15
2021-11-27,5.9,74,2.55,3,13.16
2021-11-28,9.7,73,3.9,12,12.61
2021-11-29,11.9,72,3.3,15,10.88
2021-11-30,10.9,85,6.99,75,2.79
2021-12-01,4.7,74,7.91,87,2.44
2021-12-02,5.0,73,3.62,63,6.13
2021-12-03,7.1,67,5.75,50,7.89
2021-12-04,7.3,68,4.71,53,8.54
2021-12-05,5.2,81,1.95,10,11.56
2021-12-06,7.7,80,2.48,12,11.41
2021-12-07,6.2,78,2.72,5,12.11
2021-12-08,7.8,80,3.09,18,10.91
2021-12-09,10.4,80,3.2,42,6.93
2021-12-10,10.2,83,3.19,41,8.96
2021-12-11,7.7,85,2.56,30,9.89
2021-12-12,6.9,81,5.16,66,4.87
2021-12-13,2.6,81,4.67,81,5.97
2021-12-14,4.3,69,2.66,16,11.95
2021-12-15,9.2,68,3.36,19,9.96
2021-12-16,8.2,86,2.32,74,3.65
2021-12-17,3.5,74,8.68,79,3.87
2021-12-18,0.4,84,4.49,93,1.63
2021-12-19,4.2,69,5.65,44,9.68
2021-12-20,6.7,66,4.47,4,11.83
2021-12-21,9.0,74,4.08,3,11.73
2021-12-22,6.1,64,2.14,0,12.27
2021-12-23,7.0,63,2.64,0,12.03
2021-12-24,6.9,81,4.57,47,6.0
2021-12-25,-1.2,88,8.52,95,2.63
2021-12-26,-2.1,85,6.8,93,2.75
2021-12-27,0.5,86,4.69,87,2.65
2021-12-28,3.5,75,2.91,35,8.92
2021-12-29,5.6,71,5.47,38,9.38
2021-12-30,3.2,70,7.49,62,8.6
2021-12-31,1.1,74,6.51,66,7.33
2022-01-01,0.3,80,1.57,25,11.31
2022-01-02,3.4,82,3.31,25,7.92
2022-01-03,2.0,79,2.81,8,12.37
2022-01-04,2.5,83,2.9,30,6.84
2022-01-05,1.5,89,1.5,82,1.52
2022-01-06,2.8,82,3.32,35,11.89
2022-01-07,0.9,79,2.15,22,12.37
2022-01-08,1.8,86,2.77,15,12.21
2022-01-09,3.5,81,2.8,40,7.77
2022-01-10,3.4,84,2.8,30,9.45
2022-01-11,0.8,79,7.66,87,2.74
2022-01-12,-0.1,79,5.45,77,7.42
2022-01-13,0.6,78,6.98,81,3.96
2022-01-14,0.5,80,3.7,59,11.04
2022-01-15,3.0,80,2.96,36,9.63
2022-01-16,3.7,79,5.21,47,10.16
2022-01-17,1.5,78,4.98,51,11.04
2022-01-18,0.1,75,3.48,29,12.71
2022-01-19,0.5,69,3.03,20,13.56
2022-01-20,-0.7,76,4.45,40,12.98
2022-01-21,2.6,74,3.06,23,10.66
2022-01-22,7.2,78,4.6,42,9.14
2022-01-23,7.3,93,3.48,72,2.19
2022-01-24,6.8,89,3.29,69,5.96
2022-01-25,5.7,89,2.67,75,2.36
2022-01-26,3.1,83,2.91,34,13.17
2022-01-27,1.9,84,2.95,36,9.44
2022-01-28,1.1,83,3.69,41,10.71
2022-01-29,0.6,80,3.64,49,10.41
2022-01-30,0.2,78,3.75,32,11.83
2022-01-31,0.7,76,3.63,12,14.6
2022-02-01,2.3,72,5.52,43,11.52
2022-02-02,0.1,82,3.1,37,10.14
2022-02-03,0.2,75,3.36,33,13.22
2022-02-04,0.2,73,4.66,51,10.55
2022-02-05,-0.2,72,7.11,81,6.11
2022-02-06,0.5,70,5.4,56,11.26
2022-02-07,0.0,79,2.06,51,7.66
2022-02-08,-0.2,75,2.68,27,15.2
2022-02-09,2.1,88,2.12,43,7.71
2022-02-10,2.6,76,3.6,28,15.41
2022-02-11,1.9,70,2.22,15,15.96
2022-02-12,6.0,67,3.11,47,8.74
2022-02-13,6.4,83,2.46,87,1.95
2022-02-14,5.6,79,2.92,46,7.81
2022-02-15,0.9,78,6.74,58,13.44
2022-02-16,-1.2,74,6.88,81,7.69
2022-02-17,-2.8,77,5.05,73,9.46
2022-02-18,2.4,79,3.92,56,12.66
2022-02-19,2.6,88,4.7,88,5.61
2022-02-20,-1.8,71,8.01,68,8.42
2022-02-21,0.9,63,5.2,41,14.97
2022-02-22,0.6,66,5.48,44,14.73
2022-02-23,-1.4,75,4.85,55,9.9
2022-02-24,-0.7,72,4.26,26,16.15
2022-02-25,1.6,65,2.93,1,19.15
2022-02-26,6.4,42,4.06,4,19.13
2022-02-27,3.7,59,3.52,9,19.68
2022-02-28,5.3,55,1.62,26,11.65
2022-03-01,8.3,93,5.31,77,8.15
2022-03-02,2.6,75,5.01,18,18.86
2022-03-03,6.5,49,4.04,4,19.01
2022-03-04,9.9,40,4.17,34,13.29
2022-03-05,5.2,67,5.89,8,20.03
2022-03-06,1.8,69,4.33,24,20.17
2022-03-07,2.8,62,2.22,34,17.32
2022-03-08,6.7,41,3.03,2,20.55
2022-03-09,7.9,58,2.95,0,20.76
2022-03-10,9.4,42,2.42,40,20.53
2022-03-11,14.0,73,4.17,33,14.4
2022-03-12,13.5,72,3.03,10,20.22
2022-03-13,15.2,83,8.27,68,5.68
2022-03-14,12.9,90,2.99,55,15.36
2022-03-15,9.5,60,1.76,17,21.69
2022-03-16,11.6,57,1.79,15,20.59
2022-03-17,10.9,80,5.29,79,3.34
2022-03-18,8.0,96,4.11,91,2.67
2022-03-19,5.0,86,5.74,72,10.98
2022-03-20,4.9,79,3.07,63,16.4
2022-03-21,5.4,67,2.56,79,10.19
2022-03-22,6.0,73,2.55,56,20.73
2022-03-23,5.6,85,2.47,57,6.21
2022-03-24,9.0,63,2.26,0,22.53
2022-03-25,12.4,80,8.31,70,9.17
2022-03-26,10.2,94,8.15,80,5.92
2022-03-27,8.8,64,3.69,38,21.63
2022-03-28,6.7,76,3.27,52,17.39
2022-03-29,10.7,75,2.87,4,23.15
2022-03-30,14.3,85,1.15,47,15.45
2022-03-31,9.0,91,2.73,68,13.68
2022-04-01,6.9,83,3.05,42,19.03
2022-04-02,6.0,78,2.39,17,22.39
2022-04-03,5.8,71,2.6,0,24.21
2022-04-04,8.4,66,2.02,2,24.16
2022-04-05,9.8,51,2.04,47,15.96
2022-04-06,10.5,64,2.2,4,24.16
2022-04-07,10.9,67,3.74,9,21.01
2022-04-08,14.1,53,2.54,0,24.44
2022-04-09,16.7,46,2.35,1,24.53
2022-04-10,15.1,60,1.23,43,20.06
2022-04-11,17.4,86,2.38,22,17.49
2022-04-12,17.5,80,1.71,13,24.35
2022-04-13,15.7,91,3.62,63,12.58
2022-04-14,11.7,98,5.48,92,2.3
2022-04-15,10.3,88,3.41,62,20.64
2022-04-16,9.5,76,2.4,21,24.59
2022-04-17,11.0,50,2.72,10,26.54
2022-04-18,12.1,58,1.66,49,11.19
2022-04-19,13.0,50,2.35,8,24.71
2022-04-20,13.7,47,1.71,15,25.94
2022-04-21,13.3,58,1.68,42,15.81
2022-04-22,17.8,61,2.98,28,25.48
2022-04-23,16.6,90,1.21,81,9.4
2022-04-24,16.8,90,1.74,37,21.05
2022-04-25,18.8,81,4.24,52,21.04
2022-04-26,18.4,92,6.96,86,3.31
2022-04-27,15.3,72,2.93,48,23.53
2022-04-28,16.0,73,3.98,23,23.76
2022-04-29,10.9,95,3.33,82,8.35
2022-04-30,11.3,84,2.89,38,25.16
2022-05-01,10.3,71,3.32,65,25.84
2022-05-02,13.2,60,4.74,8,26.36
2022-05-03,11.7,65,2.1,1,27.22
2022-05-04,14.2,48,1.98,0,27.7
2022-05-05,16.9,65,2.49,5,25.6
2022-05-06,19.1,76,3.5,14,22.6
2022-05-07,16.2,86,2.13,25,19.97
2022-05-08,15.0,83,2.8,31,13.66
2022-05-09,14.2,84,3.47,29,21.47
2022-05-10,14.4,90,3.29,73,10.15
2022-05-11,16.7,95,2.64,69,7.54
2022-05-12,17.2,95,1.93,74,11.11
2022-05-13,15.5,96,1.98,86,3.39
2022-05-14,13.2,70,3.11,19,26.77
2022-05-15,12.1,70,3.25,50,24.94
2022-05-16,14.6,56,2.43,43,24.37
2022-05-17,18.3,52,3.79,0,27.87
2022-05-18,19.5,50,2.66,4,27.99
2022-05-19,18.6,52,2.36,75,18.67
2022-05-20,17.4,72,2.49,63,8.91
2022-05-21,17.2,77,2.41,5,27.53
2022-05-22,20.0,57,3.53,6,27.8
2022-05-23,19.9,54,2.56,42,24.8
2022-05-24,19.3,58,1.66,11,25.91
2022-05-25,19.0,72,1.51,24,25.01
2022-05-26,16.3,70,2.71,44,18.94
2022-05-27,19.6,50,4.6,9,28.24
2022-05-28,21.1,48,2.33,62,21.32
2022-05-29,17.4,86,4.81,63,6.63
2022-05-30,18.1,98,3.44,92,5.69
2022-05-31,18.5,63,2.27,44,27.64
2022-06-01,18.6,63,1.41,64,21.87
2022-06-02,18.9,80,1.63,6,27.42
2022-06-03,19.8,78,1.87,17,27.54
2022-06-04,19.8,80,5.47,46,22.82
2022-06-05,18.3,94,7.59,92,3.21
2022-06-06,17.5,89,3.06,45,23.0
2022-06-07,16.8,89,1.3,56,9.15
2022-06-08,18.0,88,3.82,29,22.29
2022-06-09,19.0,82,2.71,29,24.02
2022-06-10,19.8,78,1.98,78,16.4
2022-06-11,18.5,92,3.57,50,12.19
2022-06-12,19.3,85,4.24,58,22.1
2022-06-13,17.5,95,5.6,80,3.96
2022-06-14,17.3,99,3.61,97,2.03
2022-06-15,20.9,79,3.14,20,25.86
2022-06-16,21.9,73,2.01,26,19.11
2022-06-17,21.7,80,0.95,39,17.24
2022-06-18,22.1,84,1.35,22,24.91
2022-06-19,22.6,85,1.06,33,23.26
2022-06-20,21.2,92,1.35,81,17.56
2022-06-21,21.4,95,2.35,59,14.9
2022-06-22,22.8,90,1.14,21,25.82
2022-06-23,25.0,85,6.61,42,16.94
2022-06-24,24.3,87,6.99,54,13.74
2022-06-25,25.8,82,4.83,32,23.19
2022-06-26,25.3,87,7.53,39,20.15
2022-06-27,24.5,89,8.09,77,9.3
2022-06-28,24.8,90,9.92,72,15.53
2022-06-29,25.2,90,8.44,53,20.87
2022-06-30,25.9,82,4.21,33,26.57
2022-07-01,25.2,79,2.57,6,27.04
2022-07-02,24.2,81,1.48,14,20.65
2022-07-03,24.4,88,3.15,41,17.52
2022-07-04,24.3,93,3.54,51,16.77
2022-07-05,24.1,92,1.43,47,13.17
2022-07-06,26.2,86,2.76,49,18.9
2022-07-07,26.3,88,3.26,50,20.96
2022-07-08,25.9,90,2.98,34,15.03
2022-07-09,24.2,82,2.78,1,27.81
2022-07-10,25.1,82,1.32,27,24.0
2022-07-11,25.6,89,1.82,59,15.72
2022-07-12,25.7,89,2.48,56,17.79
2022-07-13,26.9,83,2.4,47,17.25
2022-07-14,26.2,87,5.07,47,8.95
2022-07-15,23.9,91,2.11,70,5.65
2022-07-16,24.2,82,3.32,39,22.57
2022-07-17,24.5,76,2.87,72,10.07
2022-07-18,25.6,88,4.6,73,5.56
2022-07-19,24.4,88,3.64,38,24.16
2022-07-20,24.2,84,1.58,50,16.7
2022-07-21,25.0,90,6.87,73,11.48
2022-07-22,23.3,88,3.78,29,23.12
2022-07-23,24.8,83,3.34,54,19.95
2022-07-24,24.9,88,4.78,32,22.2
2022-07-25,22.9,88,2.3,15,24.85
2022-07-26,23.7,82,1.82,12,25.12
2022-07-27,25.5,84,1.8,36,17.58
2022-07-28,26.1,83,2.67,31,19.62
2022-07-29,25.7,93,4.42,40,19.3
2022-07-30,24.5,96,6.6,86,2.97
2022-07-31,25.7,92,7.78,97,4.84
2022-08-01,25.7,92,6.12,78,8.32
2022-08-02,26.1,88,1.03,62,8.55
2022-08-03,26.9,84,1.73,27,18.72
2022-08-04,26.8,83,1.86,23,17.76
2022-08-05,27.3,82,2.88,7,24.55
2022-08-06,26.8,87,1.45,29,16.29
2022-08-07,27.6,81,1.33,17,21.8
2022-08-08,27.7,76,4.55,29,25.79
2022-08-09,27.8,76,4.85,50,24.7
2022-08-10,27.3,77,4.06,57,20.25
2022-08-11,27.6,78,4.6,53,18.95
2022-08-12,26.4,86,3.16,58,6.79
2022-08-13,28.0,77,1.11,38,19.08
2022-08-14,28.5,75,3.24,53,15.96
2022-08-15,28.2,78,7.5,39,23.97
2022-08-16,27.8,83,6.91,70,15.55
2022-08-17,24.3,91,3.29,76,3.08
2022-08-18,24.1,85,1.85,39,21.7
2022-08-19,27.1,80,4.03,44,19.8
2022-08-20,26.9,86,4.54,68,6.22
2022-08-21,24.2,90,2.79,37,21.74
2022-08-22,25.1,85,2.36,50,22.92
2022-08-23,25.5,79,1.78,76,7.17
2022-08-24,23.2,88,3.19,55,14.84
2022-08-25,22.3,81,3.36,19,23.15
2022-08-26,21.6,88,2.41,50,7.01
2022-08-27,21.5,83,2.56,25,20.19
2022-08-28,20.4,83,3.18,38,12.75
2022-08-29,23.3,81,3.21,30,15.83
2022-08-30,25.0,86,1.95,46,15.1
2022-08-31,22.5,92,2.84,59,12.26
2022-09-01,20.9,94,3.02,80,4.44
2022-09-02,21.1,96,5.42,93,2.11
2022-09-03,23.4,96,6.05,73,5.38
2022-09-04,24.5,93,6.1,86,3.84
2022-09-05,24.9,94,10.35,99,2.57
2022-09-06,21.1,91,8.42,56,14.27
2022-09-07,21.7,63,2.44,4,23.55
2022-09-08,20.8,80,2.94,18,23.63
2022-09-09,20.7,89,3.37,45,17.5
2022-09-10,20.8,95,4.0,81,5.27
2022-09-11,21.8,97,3.51,76,6.63
2022-09-12,21.7,98,3.5,85,3.16
2022-09-13,21.7,99,5.45,96,1.91
2022-09-14,22.2,99,7.38,92,5.48
2022-09-15,23.6,96,6.95,73,8.87
2022-09-16,25.3,86,3.76,28,15.96
2022-09-17,23.1,94,3.48,59,14.78
2022-09-18,22.8,94,3.63,76,7.83
2022-09-19,21.2,93,5.57,70,6.22
2022-09-20,18.4,82,3.44,33,16.06
2022-09-21,17.9,80,3.94,41,13.91
2022-09-22,18.7,87,3.2,37,13.57
2022-09-23,18.2,87,3.19,31,16.94
2022-09-24,16.2,79,2.21,28,19.48
2022-09-25,18.2,84,2.81,50,11.46
2022-09-26,18.3,81,2.14,46,11.28
2022-09-27,18.8,84,2.19,38,16.99
2022-09-28,19.7,91,2.44,66,7.43
2022-09-29,19.2,78,2.28,34,16.18
2022-09-30,19.0,66,1.61,4,20.21
2022-10-01,20.3,53,2.11,10,19.38
2022-10-02,22.4,68,2.54,11,15.89
2022-10-03,24.6,78,5.36,18,15.45
2022-10-04,19.9,90,6.67,57,3.49
2022-10-05,15.2,83,2.93,46,14.9
2022-10-06,14.4,87,2.76,76,8.64
2022-10-07,14.2,79,4.21,48,13.72
2022-10-08,15.3,88,3.88,69,7.84
2022-10-09,16.5,89,5.17,71,4.6
2022-10-10,13.4,75,6.84,62,9.44
2022-10-11,13.1,80,4.75,36,15.01
2022-10-12,14.0,83,2.93,21,18.19
2022-10-13,16.5,87,4.58,48,12.61
2022-10-14,16.4,91,2.87,49,12.86
2022-10-15,16.6,88,2.95,22,16.66
2022-10-16,16.9,91,2.59,29,12.18
2022-10-17,12.7,81,4.75,22,16.17
2022-10-18,10.0,78,4.5,19,16.77
2022-10-19,9.9,77,2.35,3,18.26
2022-10-20,13.3,80,3.39,2,17.78
2022-10-21,16.2,81,1.89,33,11.08
2022-10-22,16.7,84,1.96,36,9.76
2022-10-23,12.6,86,3.63,14,16.21
2022-10-24,10.4,74,4.68,9,15.67
2022-10-25,10.0,75,2.99,15,15.16
2022-10-26,14.0,83,3.64,51,9.3
2022-10-27,13.9,77,2.18,25,14.15
2022-10-28,13.4,82,2.38,16,14.92
2022-10-29,14.8,87,3.47,43,10.54
2022-10-30,14.4,84,4.32,40,10.49
2022-10-31,13.9,84,3.84,31,12.65
2022-11-01,13.2,88,2.09,26,15.65
2022-11-02,12.5,88,2.14,15,14.83
2022-11-03,11.6,71,2.24,3,16.18
2022-11-04,8.8,84,4.2,26,14.66
2022-11-05,8.1,83,3.19,14,14.73
2022-11-06,8.5,77,2.02,5,15.21
2022-11-07,10.8,75,1.99,2,14.77
2022-11-08,11.6,73,2.09,0,14.93
2022-11-09,14.1,75,2.54,10,13.78
2022-11-10,16.2,87,3.75,52,6.88
2022-11-11,17.4,88,4.71,23,10.93
2022-11-12,18.9,89,4.99,34,6.74
2022-11-13,13.2,91,5.26,61,8.67
2022-11-14,9.8,86,3.23,35,10.72
2022-11-15,8.8,83,3.18,6,13.84
2022-11-16,10.1,80,3.46,11,13.04
2022-11-17,10.6,74,1.8,64,4.69
2022-11-18,13.7,84,4.32,21,11.48
2022-11-19,14.8,86,4.15,45,6.7
2022-11-20,13.4,96,3.39,73,1.31
2022-11-21,13.7,87,2.7,37,11.93
2022-11-22,12.7,89,3.12,69,2.96
2022-11-23,11.4,92,3.51,65,6.99
2022-11-24,10.1,71,1.73,17,11.6
2022-11-25,12.5,65,2.55,18,12.24
2022-11-26,11.0,85,2.95,12,10.38
2022-11-27,11.5,69,2.24,40,11.8
2022-11-28,17.6,87,4.96,50,9.62
2022-11-29,12.0,93,5.22,84,1.15
2022-11-30,2.2,90,6.38,91,3.16
2022-12-01,1.6,88,3.27,76,4.26
2022-12-02,3.8,79,2.5,42,10.07
2022-12-03,7.2,89,1.94,66,3.18
2022-12-04,4.7,82,3.12,84,3.79
2022-12-05,2.0,82,3.72,37,7.17
2022-12-06,3.6,78,4.49,29,7.99
2022-12-07,6.4,79,3.79,21,11.15
2022-12-08,6.1,75,2.12,46,7.03
2022-12-09,7.9,70,1.7,45,6.27
2022-12-10,7.8,85,1.95,50,6.89
2022-12-11,5.4,81,3.84,51,8.47
2022-12-12,4.9,83,3.46,50,5.73
2022-12-13,5.9,77,6.72,33,9.1
2022-12-14,1.5,82,6.53,82,6.0
2022-12-15,2.7,79,2.27,20,11.32
2022-12-16,2.6,89,3.15,73,2.97
2022-12-17,0.3,84,6.58,84,1.77
2022-12-18,-1.5,82,8.55,93,3.29
2022-12-19,2.2,79,4.25,79,5.51
2022-12-20,5.1,76,2.77,30,10.68
2022-12-21,6.3,87,3.99,79,3.36
2022-12-22,0.3,85,7.01,92,2.2
2022-12-23,-1.6,82,9.33,84,3.23
2022-12-24,-0.2,91,6.63,96,1.24
2022-12-25,2.1,89,4.42,58,7.6
2022-12-26,2.1,88,3.12,39,6.83
2022-12-27,2.5,89,2.83,37,10.55
2022-12-28,2.0,83,3.51,36,6.62
2022-12-29,2.3,82,3.8,52,9.0
2022-12-30,2.2,79,3.24,25,10.39
2022-12-31,2.2,82,3.87,14,11.68
2023-01-01,3.6,84,3.76,19,10.9
2023-01-02,0.7,85,3.47,32,9.96
2023-01-03,1.6,85,4.59,43,7.45
2023-01-04,1.9,86,2.83,9,11.93
2023-01-05,4.1,83,2.91,10,11.33
2023-01-06,5.7,81,3.33,29,7.52
2023-01-07,4.4,78,6.68,18,11.22
2023-01-08,5.8,70,2.57,0,12.47
2023-01-09,7.2,77,3.74,21,10.57
2023-01-10,5.2,79,2.99,11,12.54
2023-01-11,7.7,74,2.78,1,12.45
2023-01-12,11.3,79,3.87,34,4.15
2023-01-13,15.2,94,5.62,86,2.58
2023-01-14,8.8,99,2.89,100,2.87
2023-01-15,2.9,95,5.13,93,2.7
2023-01-16,-0.1,88,5.64,77,6.24
2023-01-17,0.3,90,3.47,82,3.35
2023-01-18,2.1,81,3.22,68,4.91
2023-01-19,2.3,79,3.3,25,11.61
2023-01-20,2.3,80,5.53,34,9.45
2023-01-21,-0.5,83,2.06,35,11.7
2023-01-22,3.5,88,3.58,70,2.6
2023-01-23,4.9,85,3.71,52,10.36
2023-01-24,-4.5,86,9.33,97,4.4
2023-01-25,-4.7,85,3.75,65,10.22
2023-01-26,2.1,82,3.24,49,10.79
2023-01-27,-0.1,85,7.45,90,3.06
2023-01-28,-1.3,82,6.24,85,3.66
2023-01-29,2.5,78,5.26,49,8.51
2023-01-30,2.3,76,4.13,16,14.26
2023-01-31,4.2,63,2.09,6,14.69
2023-02-01,6.4,82,4.56,40,13.59
2023-02-02,0.4,81,2.82,30,12.5
2023-02-03,0.5,87,3.58,26,12.92
2023-02-04,1.2,84,3.11,5,15.17
2023-02-05,2.6,75,2.05,12,14.52
2023-02-06,5.1,75,3.06,72,4.86
2023-02-07,7.1,85,2.3,45,13.14
2023-02-08,4.2,79,2.36,20,15.26
2023-02-09,5.9,84,4.01,56,7.75
2023-02-10,5.6,96,3.85,80,4.83
2023-02-11,5.9,86,2.82,46,6.31
2023-02-12,8.8,92,4.18,66,5.09
2023-02-13,6.7,95,3.63,88,4.33
2023-02-14,2.8,87,3.73,43,15.2
2023-02-15,1.2,93,2.07,72,3.0
2023-02-16,3.7,93,1.52,69,6.37
2023-02-17,6.6,88,1.13,54,7.97
2023-02-18,11.7,92,2.25,54,7.37
2023-02-19,5.4,91,6.14,54,8.45
2023-02-20,2.0,80,5.3,17,16.78
2023-02-21,-0.4,73,3.92,24,17.58
2023-02-22,3.8,87,2.23,48,8.91
2023-02-23,4.6,89,2.14,63,11.35
2023-02-24,4.4,82,3.26,29,15.63
2023-02-25,1.3,80,5.57,25,15.94
2023-02-26,1.0,74,2.52,4,19.07
2023-02-27,4.1,74,1.74,5,18.5
2023-02-28,7.4,67,1.57,13,18.89
2023-03-01,8.2,85,4.54,42,8.81
2023-03-02,2.4,74,5.3,11,18.85
2023-03-03,3.7,66,2.28,21,18.8
2023-03-04,6.5,71,1.86,22,17.94
2023-03-05,8.1,71,2.48,13,16.51
2023-03-06,9.7,67,2.8,1,19.44
2023-03-07,13.1,51,2.32,1,19.45
2023-03-08,13.4,58,4.49,28,18.67
2023-03-09,15.0,77,5.89,46,17.88
2023-03-10,14.3,61,2.52,0,19.91
2023-03-11,14.9,56,2.33,44,19.03
2023-03-12,9.4,85,5.12,58,4.81
2023-03-13,2.7,69,4.23,14,21.27
2023-03-14,7.9,61,1.39,0,21.06
2023-03-15,12.2,71,2.74,14,20.3
2023-03-16,7.6,74,2.34,34,20.26
2023-03-17,7.4,88,3.4,78,3.79
2023-03-18,7.4,81,3.29,32,20.58
2023-03-19,6.6,81,2.05,32,19.98
2023-03-20,9.0,72,1.53,52,15.07
2023-03-21,12.4,95,3.63,85,3.54
2023-03-22,14.9,95,3.86,81,6.04
2023-03-23,12.7,97,3.01,93,3.51
2023-03-24,8.6,91,1.99,77,2.86
2023-03-25,10.0,96,3.02,91,5.22
2023-03-26,8.0,84,3.37,38,20.99
2023-03-27,5.6,70,2.92,19,23.23
2023-03-28,9.2,49,1.91,8,23.06
2023-03-29,10.7,65,2.32,42,22.14
2023-03-30,11.9,63,3.63,50,16.48
2023-03-31,12.9,70,3.34,31,19.38
2023-04-01,13.7,68,3.94,31,17.3
2023-04-02,12.2,85,4.54,22,23.44
2023-04-03,12.3,83,5.95,29,23.71
2023-04-04,14.3,87,8.71,78,5.91
2023-04-05,14.5,90,8.39,78,5.25
2023-04-06,10.1,92,4.22,76,15.32
2023-04-07,8.9,86,4.99,46,23.17
2023-04-08,7.0,71,5.18,5,24.62
2023-04-09,9.7,52,3.08,2,24.98
2023-04-10,12.3,56,1.54,27,24.17
2023-04-11,15.7,80,7.2,34,22.24
2023-04-12,10.7,52,2.81,13,26.38
2023-04-13,13.9,46,1.95,34,25.1
2023-04-14,13.5,83,6.28,80,3.66
2023-04-15,11.6,95,3.41,79,7.26
2023-04-16,11.4,70,5.05,20,21.83
2023-04-17,13.7,56,2.4,4,25.33
2023-04-18,20.3,75,9.74,37,23.9
2023-04-19,18.6,87,1.61,73,15.63
2023-04-20,17.1,81,1.9,38,24.58
2023-04-21,14.5,86,3.01,24,22.19
2023-04-22,12.0,77,5.73,18,25.11
2023-04-23,11.4,79,5.69,52,10.77
2023-04-24,9.8,90,5.04,82,4.9
2023-04-25,10.0,97,3.25,89,2.27
2023-04-26,9.5,79,4.65,10,24.96
2023-04-27,11.3,63,1.81,8,26.65
2023-04-28,15.5,68,2.36,39,16.54
2023-04-29,14.9,90,4.02,65,5.4
2023-04-30,12.5,60,3.59,10,27.45
2023-05-01,15.1,51,3.72,0,27.53
2023-05-02,17.4,46,3.34,24,27.36
2023-05-03,15.4,81,5.46,78,5.06
2023-05-04,17.3,90,10.44,95,3.18
2023-05-05,20.3,89,10.02,90,3.36
2023-05-06,17.4,92,3.98,58,16.82
2023-05-07,12.3,98,5.03,88,2.11
2023-05-08,12.3,68,2.45,40,26.07
2023-05-09,14.5,59,2.57,12,28.03
2023-05-10,16.7,53,2.48,20,27.35
2023-05-11,17.3,56,2.5,36,20.01
2023-05-12,14.6,76,1.55,63,8.72
2023-05-13,14.0,93,2.36,48,19.08
2023-05-14,15.7,77,1.51,16,20.93
2023-05-15,19.9,61,2.12,9,24.49
2023-05-16,23.6,50,2.62,5,28.02
2023-05-17,21.8,63,4.79,68,25.99
2023-05-18,16.6,94,5.9,88,6.93
2023-05-19,16.4,94,3.27,71,11.34
2023-05-20,16.9,88,2.57,28,25.43
2023-05-21,16.0,85,2.65,8,27.14
2023-05-22,14.1,81,1.82,61,7.41
2023-05-23,15.9,70,2.71,7,28.14
2023-05-24,17.1,62,2.1,44,17.63
2023-05-25,17.5,71,2.84,33,24.13
2023-05-26,19.2,82,2.16,40,20.05
2023-05-27,19.8,87,7.19,79,9.02
2023-05-28,21.8,92,5.79,62,10.85
2023-05-29,23.2,88,3.44,58,11.35
2023-05-30,19.8,98,2.24,83,4.4
2023-05-31,18.8,93,5.43,54,18.07
2023-06-01,20.9,94,2.15,59,10.48
2023-06-02,20.2,89,2.46,42,20.62
2023-06-03,17.8,81,3.17,23,26.81
2023-06-04,19.8,52,2.7,51,14.96
2023-06-05,17.1,82,2.48,80,4.3
2023-06-06,17.0,92,2.95,62,9.66
2023-06-07,19.3,74,1.34,35,24.41
2023-06-08,18.7,84,2.2,50,15.89
2023-06-09,21.5,78,2.83,32,25.72
2023-06-10,22.6,71,3.24,6,27.69
2023-06-11,20.6,87,1.93,38,19.77
2023-06-12,19.4,95,1.93,64,10.81
2023-06-13,20.2,87,1.44,53,19.76
2023-06-14,20.1,75,1.99,23,24.8
2023-06-15,19.3,80,2.04,13,24.0
2023-06-16,19.8,75,1.53,42,24.35
2023-06-17,20.6,73,1.83,59,22.74
2023-06-18,20.1,79,1.58,79,8.72
2023-06-19,22.3,70,2.82,39,25.56
2023-06-20,21.9,91,4.74,62,7.82
2023-06-21,21.0,97,4.18,76,8.37
2023-06-22,20.9,84,4.3,58,24.4
2023-06-23,21.8,76,2.28,48,26.31
2023-06-24,21.7,85,4.51,66,18.67
2023-06-25,21.9,91,4.76,91,2.53
2023-06-26,24.8,88,6.88,69,18.42
2023-06-27,24.0,89,5.17,96,2.12
2023-06-28,25.7,86,6.04,40,22.27
2023-06-29,24.7,90,6.01,58,11.46
2023-06-30,24.6,89,5.36,85,3.91
2023-07-01,23.2,95,3.14,74,12.73
2023-07-02,23.9,93,1.46,57,14.38
2023-07-03,24.3,94,2.14,82,3.96
2023-07-04,25.5,89,1.37,76,6.37
2023-07-05,24.6,82,5.04,47,20.21
2023-07-06,25.0,67,1.8,20,27.42
2023-07-07,24.6,88,3.26,81,7.04
2023-07-08,25.3,93,3.07,73,5.64
2023-07-09,26.5,85,3.58,57,11.07
2023-07-10,26.7,87,3.11,29,25.72
2023-07-11,26.3,86,5.76,44,21.63
2023-07-12,26.8,84,6.07,42,22.82
2023-07-13,26.4,84,8.1,68,14.32
2023-07-14,25.6,87,9.72,86,9.61
2023-07-15,26.5,87,7.29,47,17.35
2023-07-16,26.0,90,1.5,32,16.41
2023-07-17,24.9,90,1.9,61,6.44
2023-07-18,25.4,91,3.53,77,6.64
2023-07-19,23.1,97,3.92,75,7.78
2023-07-20,23.2,92,1.48,69,7.23
2023-07-21,23.4,73,5.37,79,5.67
2023-07-22,23.5,89,6.22,85,2.37
2023-07-23,25.0,89,3.37,73,7.42
2023-07-24,24.7,91,1.26,81,2.65
2023-07-25,24.3,88,2.66,69,7.47
2023-07-26,25.4,88,3.74,64,9.26
2023-07-27,26.5,86,5.12,40,23.77
2023-07-28,25.2,92,4.33,68,10.17
2023-07-29,25.9,86,5.06,48,12.61
2023-07-30,26.5,83,3.67,11,22.15
2023-07-31,26.2,83,3.62,28,18.57
2023-08-01,26.0,88,3.53,31,19.66
2023-08-02,27.2,84,3.85,17,23.08
2023-08-03,27.1,87,5.53,13,23.99
2023-08-04,26.7,92,4.98,26,21.37
2023-08-05,26.9,86,3.63,17,21.85
2023-08-06,26.2,94,3.22,33,18.75
2023-08-07,26.4,95,3.08,48,17.17
2023-08-08,26.0,96,4.77,53,14.54
2023-08-09,25.1,97,6.63,88,2.99
2023-08-10,25.0,93,6.63,62,13.91
2023-08-11,26.2,80,3.69,18,24.65
2023-08-12,25.2,82,2.77,31,20.06
2023-08-13,25.4,84,1.66,28,16.14
2023-08-14,25.7,83,3.32,10,22.44
2023-08-15,25.2,91,2.66,29,20.92
2023-08-16,24.9,88,2.19,25,19.47
2023-08-17,24.6,87,2.03,37,15.18
2023-08-18,24.2,93,2.54,39,13.85
2023-08-19,24.9,92,2.08,36,16.02
2023-08-20,25.2,85,1.83,24,15.95
2023-08-21,26.4,83,2.33,15,20.73
2023-08-22,25.8,89,2.31,33,13.78
2023-08-23,25.1,91,1.63,74,5.07
2023-08-24,24.1,91,2.08,67,4.34
2023-08-25,24.1,82,2.79,19,18.64
2023-08-26,23.4,84,2.07,13,22.17
2023-08-27,24.7,83,2.46,33,19.18
2023-08-28,25.6,89,4.82,70,16.52
2023-08-29,25.6,90,1.51,65,8.6
2023-08-30,23.0,96,1.52,82,2.96
2023-08-31,22.0,89,1.76,48,9.85
2023-09-01,23.2,92,2.05,69,8.23
2023-09-02,24.4,90,3.0,49,10.7
2023-09-03,24.7,85,3.8,58,7.25
2023-09-04,25.2,88,3.17,17,20.57
2023-09-05,24.3,87,2.52,40,16.68
2023-09-06,24.0,85,2.35,20,21.72
2023-09-07,23.0,84,3.35,20,23.05
2023-09-08,22.1,83,2.86,19,20.67
2023-09-09,21.8,81,2.43,25,18.49
2023-09-10,21.9,83,2.65,34,13.71
2023-09-11,22.5,83,1.97,36,14.17
2023-09-12,22.5,89,1.71,48,9.55
2023-09-13,24.2,85,1.91,59,10.05
2023-09-14,21.7,95,2.4,82,2.95
2023-09-15,24.9,87,2.12,32,14.28
2023-09-16,24.0,91,1.36,74,3.93
2023-09-17,23.5,92,1.38,70,7.0
2023-09-18,22.8,90,2.15,34,13.95
2023-09-19,22.4,84,2.18,35,12.58
2023-09-20,23.9,86,4.39,75,4.35
2023-09-21,21.3,91,5.27,77,9.61
2023-09-22,19.9,88,1.92,54,10.08
2023-09-23,20.9,85,3.51,55,13.26
2023-09-24,21.3,81,5.23,52,10.46
2023-09-25,22.2,89,2.87,54,9.91
2023-09-26,22.7,85,2.97,31,15.0
2023-09-27,21.5,88,3.32,26,17.5
2023-09-28,20.9,91,3.04,42,9.65
2023-09-29,20.2,85,2.03,10,18.82
2023-09-30,17.4,87,1.99,49,5.84
2023-10-01,17.8,80,3.02,25,18.19
2023-10-02,17.1,68,2.47,25,19.1
2023-10-03,18.6,82,3.33,54,5.89
2023-10-04,18.2,84,2.73,17,18.7
2023-10-05,15.8,78,4.26,30,18.38
2023-10-06,14.6,73,1.61,38,12.03
2023-10-07,15.2,83,1.88,65,5.31
2023-10-08,17.1,90,4.88,66,5.4
2023-10-09,17.6,88,2.79,31,14.58
2023-10-10,16.4,83,3.18,34,16.55
2023-10-11,16.6,84,3.17,35,9.81
2023-10-12,16.8,76,3.37,23,18.17
2023-10-13,16.7,82,2.49,57,7.73
2023-10-14,16.7,82,3.52,34,13.79
2023-10-15,16.3,78,4.76,30,14.04
2023-10-16,14.9,82,4.25,13,15.88
2023-10-17,14.0,82,3.17,1,18.43
2023-10-18,15.7,75,2.08,6,17.25
2023-10-19,17.3,75,2.23,34,12.9
2023-10-20,13.6,80,5.23,53,10.47
2023-10-21,12.8,77,4.48,36,16.14
2023-10-22,13.2,80,2.44,14,15.04
2023-10-23,13.6,78,2.31,8,15.35
2023-10-24,15.0,68,2.33,19,14.57
2023-10-25,16.4,79,2.64,7,15.97
2023-10-26,16.9,78,3.49,4,15.86
2023-10-27,14.1,85,4.32,20,16.25
2023-10-28,13.1,82,2.48,1,16.55
2023-10-29,15.0,79,2.38,10,15.29
2023-10-30,15.3,83,2.5,8,14.67
2023-10-31,15.3,63,2.15,0,16.07
2023-11-01,18.5,50,2.26,0,15.79
2023-11-02,19.6,57,2.05,0,15.66
2023-11-03,18.3,78,1.73,8,14.17
2023-11-04,18.7,90,2.01,34,9.68
2023-11-05,19.4,88,6.33,68,2.87
2023-11-06,16.3,85,8.27,62,5.01
2023-11-07,11.0,82,4.73,29,13.14
2023-11-08,11.5,80,1.55,13,14.77
2023-11-09,16.1,80,1.71,56,8.67
2023-11-10,10.2,88,4.04,73,5.22
2023-11-11,6.1,79,3.59,49,12.33
2023-11-12,6.8,85,4.73,87,3.67
2023-11-13,5.6,86,4.2,60,7.37
2023-11-14,7.9,84,2.58,47,10.02
2023-11-15,9.2,82,2.02,50,9.86
2023-11-16,9.7,85,4.3,65,4.09
2023-11-17,6.8,84,6.33,59,8.89
2023-11-18,5.0,86,7.25,75,5.04
2023-11-19,9.5,82,4.74,8,13.6
2023-11-20,9.1,81,2.65,11,13.87
2023-11-21,10.3,71,1.61,5,13.35
2023-11-22,12.0,76,2.09,7,13.03
2023-11-23,14.3,82,5.63,28,11.62
2023-11-24,4.7,82,6.45,69,5.8
2023-11-25,2.6,81,2.78,28,12.33
2023-11-26,5.8,77,1.66,12,11.7
2023-11-27,9.9,84,4.15,42,7.12
2023-11-28,7.0,81,4.62,37,7.36
2023-11-29,7.1,81,3.06,42,7.81
2023-11-30,3.0,88,5.76,93,3.0
2023-12-01,3.9,85,5.69,88,3.03
2023-12-02,4.9,82,2.99,41,9.76
2023-12-03,6.2,81,3.18,26,11.13
2023-12-04,6.3,81,1.87,24,11.5
2023-12-05,7.7,84,2.17,21,11.38
2023-12-06,10.5,78,5.3,32,9.15
2023-12-07,8.3,71,4.5,7,12.37
2023-12-08,13.7,71,6.24,0,12.15
2023-12-09,14.5,75,2.57,31,10.43
2023-12-10,15.3,83,3.63,36,9.26
2023-12-11,14.6,95,6.98,80,2.76
2023-12-12,8.8,97,4.18,95,1.39
2023-12-13,11.3,88,3.68,47,9.95
2023-12-14,14.1,91,3.11,65,1.78
2023-12-15,13.1,95,6.6,65,2.62
2023-12-16,2.4,91,8.7,96,1.73
2023-12-17,-0.6,84,6.04,94,1.84
2023-12-18,0.9,88,1.99,80,5.08
2023-12-19,2.7,86,2.46,71,6.36
2023-12-20,1.1,85,7.43,77,3.59
2023-12-21,-1.8,83,7.01,90,3.11
2023-12-22,-1.5,87,5.83,91,2.17
2023-12-23,1.0,90,2.63,91,3.84
2023-12-24,3.0,83,4.1,88,3.56
2023-12-25,2.4,82,4.2,62,7.57
2023-12-26,4.4,84,3.38,22,10.94
2023-12-27,6.1,85,1.95,34,8.28
2023-12-28,6.1,87,2.82,43,7.79
2023-12-29,3.9,85,1.72,6,11.65
2023-12-30,7.4,75,1.85,30,8.74
2023-12-31,6.5,88,6.54,81,4.47
2024-01-01,5.3,87,1.73,57,8.05
2024-01-02,6.1,88,2.63,35,10.38
2024-01-03,4.7,85,4.83,74,4.36
2024-01-04,3.9,79,2.8,5,12.21
2024-01-05,6.9,72,2.63,15,10.38
2024-01-06,5.0,85,3.18,21,11.85
2024-01-07,2.3,79,5.71,64,6.56
2024-01-08,0.7,85,2.09,37,10.16
2024-01-09,5.9,81,2.79,35,8.66
2024-01-10,3.7,88,4.89,68,6.0
2024-01-11,2.9,85,3.79,8,12.65
2024-01-12,6.1,86,4.2,24,10.03
2024-01-13,3.2,74,2.14,0,12.86
2024-01-14,8.2,73,3.74,17,12.83
2024-01-15,2.0,86,4.89,35,11.83
2024-01-16,2.6,77,2.27,17,12.43
2024-01-17,9.9,76,2.52,44,8.58
2024-01-18,10.2,95,2.77,85,1.83
2024-01-19,9.0,97,5.07,91,1.33
2024-01-20,9.7,98,5.81,88,1.62
2024-01-21,5.9,97,3.71,99,2.55
2024-01-22,-1.2,91,7.71,97,2.95
2024-01-23,-2.9,87,8.58,99,2.55
2024-01-24,-0.6,87,8.43,95,7.0
2024-01-25,0.6,89,5.34,90,6.64
2024-01-26,2.3,84,3.88,66,5.13
2024-01-27,2.7,83,3.28,38,9.12
2024-01-28,2.5,81,4.52,45,11.99
2024-01-29,1.9,84,2.85,10,12.1
2024-01-30,5.3,85,2.52,46,3.82
2024-01-31,10.6,96,2.32,66,7.37
2024-02-01,6.5,98,2.25,95,1.75
2024-02-02,6.1,99,1.96,99,2.12
2024-02-03,7.3,97,3.45,90,2.54
2024-02-04,8.3,95,4.77,91,4.15
2024-02-05,7.5,96,5.42,83,4.55
2024-02-06,4.4,89,3.31,85,4.15
2024-02-07,1.9,86,4.0,49,12.33
2024-02-08,0.6,86,3.15,33,7.92
2024-02-09,2.1,84,4.13,36,8.52
2024-02-10,3.7,83,3.85,49,9.32
2024-02-11,4.6,73,6.1,12,10.05
2024-02-12,5.7,74,2.22,1,16.25
2024-02-13,9.7,70,2.94,4,15.09
2024-02-14,13.6,86,3.96,58,8.54
2024-02-15,7.2,93,4.16,55,1.68
2024-02-16,3.3,84,2.18,31,12.33
2024-02-17,7.4,76,2.44,1,16.98
2024-02-18,12.7,85,5.69,44,8.09
2024-02-19,13.7,95,6.34,72,4.62
2024-02-20,8.6,98,3.41,91,2.8
2024-02-21,11.8,96,5.79,93,1.78
2024-02-22,7.9,99,4.28,98,0.71
2024-02-23,5.2,98,3.69,97,2.17
2024-02-24,5.5,93,5.42,82,3.7
2024-02-25,5.0,94,4.07,96,2.55
2024-02-26,3.9,82,2.99,48,17.5
2024-02-27,5.8,82,4.6,40,12.72
2024-02-28,7.0,82,5.0,54,15.4
2024-02-29,5.8,97,4.34,93,1.48
2024-03-01,0.5,83,6.7,70,10.71
2024-03-02,0.3,78,4.57,46,16.26
2024-03-03,4.8,76,4.61,32,12.27
2024-03-04,7.4,80,4.36,56,10.18
2024-03-05,9.3,98,5.46,97,1.21
2024-03-06,7.4,92,3.59,74,8.82
2024-03-07,4.5,86,3.77,53,15.37
2024-03-08,3.3,78,5.32,33,16.79
2024-03-09,2.2,80,4.15,18,20.28
2024-03-10,3.5,70,2.09,4,20.73
2024-03-11,7.0,76,1.39,65,7.87
2024-03-12,6.3,90,4.26,51,12.18
2024-03-13,5.1,76,3.17,17,21.25
2024-03-14,7.0,73,2.34,32,14.77
2024-03-15,8.8,66,1.78,1,20.78
2024-03-16,11.0,72,1.48,33,16.12
2024-03-17,9.0,91,3.23,64,8.06
2024-03-18,7.1,73,2.55,20,21.17
2024-03-19,8.2,77,5.59,35,19.49
2024-03-20,4.2,74,6.79,22,18.81
2024-03-21,4.4,76,2.91,3,22.46
2024-03-22,10.5,72,6.7,23,20.37
2024-03-23,15.3,88,3.52,54,16.19
2024-03-24,12.8,98,5.34,83,4.04
2024-03-25,13.3,96,5.58,80,4.92
2024-03-26,8.6,95,4.05,87,3.57
2024-03-27,9.9,80,2.79,33,16.91
2024-03-28,11.6,91,6.17,92,3.19
2024-03-29,13.2,71,5.77,14,22.79
2024-03-30,16.2,69,4.07,40,20.5
2024-03-31,13.0,78,1.6,60,11.56
2024-04-01,14.9,56,2.28,5,23.58
2024-04-02,15.1,74,5.21,88,7.2
2024-04-03,15.8,97,2.52,82,5.19
2024-04-04,12.3,98,1.93,91,5.42
2024-04-05,12.1,86,3.31,53,19.3
2024-04-06,11.4,78,1.82,54,11.16
2024-04-07,14.2,59,2.02,43,22.1
2024-04-08,12.8,71,3.38,75,6.02
2024-04-09,12.9,76,2.85,11,21.45
2024-04-10,12.5,77,3.92,16,23.62
2024-04-11,13.1,80,2.44,65,6.39
2024-04-12,15.3,77,2.53,56,14.86
2024-04-13,15.9,79,2.23,35,19.36
2024-04-14,16.4,83,6.31,58,19.5
2024-04-15,17.0,89,6.84,49,18.03
2024-04-16,14.1,78,2.96,21,24.64
2024-04-17,13.1,65,1.61,74,13.7
2024-04-18,13.5,67,2.98,8,26.06
2024-04-19,16.0,60,1.29,44,22.23
2024-04-20,15.4,85,5.92,67,12.73
2024-04-21,13.6,97,1.64,81,5.62
2024-04-22,14.1,98,2.82,90,6.9
2024-04-23,13.5,95,3.62,80,6.7
2024-04-24,13.0,85,4.68,24,24.67
2024-04-25,14.3,74,2.0,28,26.0
2024-04-26,14.6,76,1.6,56,13.82
2024-04-27,16.9,71,1.92,11,25.95
2024-04-28,18.6,68,2.27,57,21.45
2024-04-29,17.4,97,3.58,89,4.37
2024-04-30,14.4,93,2.53,74,17.47
2024-05-01,12.3,93,3.0,69,5.08
2024-05-02,13.5,79,3.24,42,23.01
2024-05-03,15.5,67,2.88,11,27.07
2024-05-04,17.3,86,5.48,52,17.6
2024-05-05,19.6,91,10.36,91,2.83
2024-05-06,16.2,87,5.16,45,21.28
2024-05-07,14.4,87,6.79,29,25.82
2024-05-08,12.0,93,3.49,71,6.75
2024-05-09,13.4,75,2.47,1,27.58
2024-05-10,16.1,57,1.08,0,27.59
2024-05-11,17.7,82,6.93,53,14.41
2024-05-12,14.8,83,3.8,74,7.75
2024-05-13,14.3,74,2.47,5,28.13
2024-05-14,16.4,60,2.4,1,27.81
2024-05-15,14.6,64,5.15,19,25.66
2024-05-16,14.9,61,7.72,0,28.52
2024-05-17,19.3,45,4.06,6,28.91
2024-05-18,17.7,60,1.3,2,28.12
2024-05-19,18.5,58,1.36,0,28.48
2024-05-20,18.7,58,2.07,57,23.3
2024-05-21,18.5,70,2.58,30,26.51
2024-05-22,19.0,71,2.89,69,17.23
2024-05-23,18.8,75,1.55,59,18.32
2024-05-24,19.1,68,1.96,16,27.14
2024-05-25,19.7,69,3.66,1,27.31
2024-05-26,20.9,82,3.53,39,13.55
2024-05-27,17.6,77,3.06,76,17.9
2024-05-28,15.6,81,2.87,30,27.24
2024-05-29,17.5,72,1.81,13,26.51
2024-05-30,17.4,68,2.11,66,15.52
2024-05-31,16.9,85,1.85,51,17.52
2024-06-01,16.2,83,4.11,25,22.38
2024-06-02,17.1,74,2.92,39,24.49
2024-06-03,18.8,63,2.18,35,19.32
2024-06-04,17.5,77,2.91,17,26.02
2024-06-05,16.8,83,3.34,53,18.69
2024-06-06,17.4,88,2.97,60,9.4
2024-06-07,18.8,88,2.83,67,10.91
2024-06-08,19.9,95,2.06,72,7.4
2024-06-09,19.3,92,2.27,60,12.46
2024-06-10,21.5,67,1.93,29,24.7
2024-06-11,20.7,75,1.36,35,24.64
2024-06-12,20.9,80,1.01,20,23.44
2024-06-13,21.1,81,1.49,11,25.49
2024-06-14,21.9,84,1.12,34,15.58
2024-06-15,22.3,85,2.03,31,19.87
2024-06-16,20.7,93,3.17,48,19.18
2024-06-17,18.7,83,1.84,71,6.27
2024-06-18,21.0,65,2.68,6,27.9
2024-06-19,23.3,61,3.08,74,23.1
2024-06-20,21.1,93,4.92,90,2.32
2024-06-21,22.9,92,0.99,52,13.88
2024-06-22,23.8,92,4.71,79,4.5
2024-06-23,22.4,90,2.65,76,7.77
2024-06-24,23.7,79,2.59,56,18.66
2024-06-25,19.8,86,1.93,75,8.01
2024-06-26,20.6,78,1.49,70,16.04
2024-06-27,21.0,91,2.3,88,2.97
2024-06-28,22.0,93,1.81,73,9.61
2024-06-29,23.3,92,4.08,83,2.94
2024-06-30,24.6,91,7.04,86,4.07
2024-07-01,23.8,94,2.14,72,6.76
2024-07-02,25.8,89,9.34,65,23.6
2024-07-03,26.5,89,5.22,32,21.29
2024-07-04,27.6,81,2.36,12,22.76
2024-07-05,27.5,83,3.74,21,19.4
2024-07-06,27.4,78,8.34,65,25.7
2024-07-07,27.5,82,7.12,46,21.0
2024-07-08,27.3,82,7.2,58,18.57
2024-07-09,26.9,84,7.33,58,18.93
2024-07-10,24.8,93,5.95,82,4.24
2024-07-11,21.4,96,2.9,85,7.07
2024-07-12,21.4,93,1.77,55,13.26
2024-07-13,22.8,90,2.25,70,6.38
2024-07-14,25.1,90,2.08,87,8.25
2024-07-15,24.3,91,1.21,71,7.51
2024-07-16,26.8,82,5.26,54,17.33
2024-07-17,26.5,85,4.65,58,20.93
2024-07-18,26.7,84,5.08,61,9.55
2024-07-19,26.8,84,3.33,71,6.76
2024-07-20,27.5,82,5.46,36,17.97
2024-07-21,27.7,82,3.76,45,12.83
2024-07-22,27.8,79,2.97,34,25.8
2024-07-23,27.7,83,2.54,43,21.09
2024-07-24,27.2,85,1.8,43,16.44
2024-07-25,26.2,90,6.05,52,15.41
2024-07-26,26.2,91,6.36,91,1.9
2024-07-27,26.6,89,5.84,64,12.61
2024-07-28,27.8,82,3.88,8,26.59
2024-07-29,27.1,80,1.3,12,23.65
2024-07-30,27.1,81,2.57,11,23.62
2024-07-31,26.6,86,1.3,17,19.94
2024-08-01,27.2,85,1.49,19,19.54
2024-08-02,27.8,85,1.66,13,21.96
2024-08-03,28.2,82,2.18,16,20.82
2024-08-04,27.6,87,1.77,15,19.86
2024-08-05,27.1,90,1.54,47,11.1
2024-08-06,27.6,86,2.87,22,18.44
2024-08-07,27.5,81,2.13,10,23.85
2024-08-08,26.8,88,2.65,28,20.89
2024-08-09,26.6,88,2.09,43,19.03
2024-08-10,26.0,86,1.97,41,13.2
2024-08-11,26.8,83,2.42,37,12.11
2024-08-12,26.9,77,3.14,7,25.41
2024-08-13,26.4,86,3.39,25,21.62
2024-08-14,25.3,93,2.76,64,10.51
2024-08-15,25.2,91,2.7,65,7.3
2024-08-16,24.8,87,2.0,69,7.56
2024-08-17,25.8,90,2.65,27,18.56
2024-08-18,26.1,88,3.07,51,16.05
2024-08-19,27.2,85,3.48,17,21.35
2024-08-20,26.9,89,5.61,67,6.84
2024-08-21,27.6,88,2.01,44,16.93
2024-08-22,27.3,88,2.9,20,19.92
2024-08-23,26.6,86,2.44,27,19.51
2024-08-24,25.7,87,1.86,30,15.9
2024-08-25,25.6,87,2.08,22,20.56
2024-08-26,25.6,87,2.08,28,18.18
2024-08-27,25.6,90,2.72,40,13.12
2024-08-28,25.3,95,5.84,63,12.37
2024-08-29,25.2,93,4.57,53,11.87
2024-08-30,25.5,89,3.63,28,21.74
2024-08-31,23.8,84,3.17,7,24.06
2024-09-01,24.2,81,1.87,25,19.15
2024-09-02,24.1,81,2.05,41,16.84
2024-09-03,24.4,87,3.09,62,9.92
2024-09-04,24.8,87,4.32,22,20.81
2024-09-05,24.7,85,2.64,22,18.36
2024-09-06,25.0,84,1.84,30,13.84
2024-09-07,24.9,83,1.82,42,13.0
2024-09-08,24.3,93,1.75,46,10.49
2024-09-09,25.6,88,3.32,20,19.58
2024-09-10,26.0,91,4.8,43,15.18
2024-09-11,25.6,92,5.36,75,5.97
2024-09-12,26.9,82,4.17,37,15.69
2024-09-13,25.6,84,2.13,22,16.52
2024-09-14,25.3,88,2.21,14,20.78
2024-09-15,26.0,95,4.54,59,10.62
2024-09-16,26.4,93,4.62,59,7.76
2024-09-17,26.0,92,2.23,46,7.34
2024-09-18,26.7,87,3.85,19,17.9
2024-09-19,26.4,89,6.57,49,15.44
2024-09-20,25.8,91,4.5,90,2.01
2024-09-21,25.4,91,3.94,81,3.51
2024-09-22,22.3,96,3.3,84,5.04
2024-09-23,21.7,87,4.97,47,13.56
2024-09-24,21.2,88,4.12,38,13.74
2024-09-25,22.6,90,3.31,40,12.7
2024-09-26,22.8,86,2.53,26,17.92
2024-09-27,21.2,88,2.39,47,17.79
2024-09-28,22.2,88,4.35,39,15.12
2024-09-29,21.7,86,5.1,40,11.26
2024-09-30,21.9,89,3.19,34,13.0
2024-10-01,20.7,90,2.91,50,8.7
2024-10-02,15.7,74,3.68,40,13.78
2024-10-03,14.1,83,1.97,68,3.86
2024-10-04,16.9,84,3.05,28,19.29
2024-10-05,18.4,86,3.71,34,14.1
2024-10-06,17.8,94,2.25,71,3.57
2024-10-07,14.8,90,1.95,70,5.36
2024-10-08,17.1,86,2.61,45,12.6
2024-10-09,16.3,92,2.33,61,4.06
2024-10-10,17.7,85,3.07,55,10.27
2024-10-11,17.1,87,2.25,26,15.64
2024-10-12,18.0,85,2.88,25,15.93
2024-10-13,18.6,80,3.93,35,12.46
2024-10-14,20.2,86,2.98,61,4.94
2024-10-15,19.9,92,2.16,48,8.19
2024-10-16,19.3,93,2.23,64,11.08
2024-10-17,19.4,91,4.31,66,4.07
2024-10-18,23.5,88,4.47,40,11.0
2024-10-19,18.9,95,5.24,87,4.14
2024-10-20,15.4,87,6.79,75,7.32
2024-10-21,18.5,92,4.2,57,6.15
2024-10-22,20.3,96,3.48,83,5.34
2024-10-23,14.1,84,5.44,36,14.07
2024-10-24,13.0,76,2.41,4,17.55
2024-10-25,17.8,86,5.79,24,14.72
2024-10-26,18.8,93,4.44,64,4.72
2024-10-27,16.8,96,2.7,81,1.26
2024-10-28,14.4,89,2.52,59,4.8
2024-10-29,16.4,88,3.55,68,9.44
2024-10-30,15.7,86,2.76,50,14.06
2024-10-31,17.3,84,4.92,62,11.95
2024-11-01,16.1,97,5.8,97,0.67
2024-11-02,17.0,94,4.12,64,6.9
2024-11-03,16.4,84,3.5,8,14.43
2024-11-04,15.3,81,3.12,18,9.86
2024-11-05,11.3,83,4.6,28,11.74
2024-11-06,10.5,78,4.53,28,13.13
2024-11-07,10.6,81,2.47,14,14.17
2024-11-08,14.2,82,3.54,34,11.57
2024-11-09,14.7,83,3.7,44,9.45
2024-11-10,15.8,98,3.5,89,1.08
2024-11-11,13.9,82,2.01,10,13.92
2024-11-12,13.4,90,2.55,28,11.78
2024-11-13,14.3,85,3.21,10,11.91
2024-11-14,16.0,82,3.16,38,9.97
2024-11-15,16.7,91,2.76,67,6.88
2024-11-16,18.0,93,3.0,63,8.87
2024-11-17,12.2,85,4.26,56,8.13
2024-11-18,5.6,72,4.14,16,12.91
2024-11-19,9.1,86,2.32,59,5.63
2024-11-20,8.5,89,2.11,70,2.79
2024-11-21,9.5,81,2.67,32,10.31
2024-11-22,9.3,79,4.1,21,10.63
2024-11-23,6.7,81,2.31,25,11.58
2024-11-24,8.8,88,2.43,45,2.26
2024-11-25,13.1,84,7.11,55,8.84
2024-11-26,9.7,86,7.41,76,5.53
2024-11-27,5.6,80,7.56,77,3.87
2024-11-28,6.1,80,7.23,61,9.93
2024-11-29,6.2,80,7.49,71,4.54
2024-11-30,8.7,79,4.75,35,9.88
2024-12-01,10.0,77,2.71,15,9.68
2024-12-02,11.8,79,3.94,8,12.32
2024-12-03,6.7,87,3.78,45,11.16
2024-12-04,4.4,82,2.93,11,11.98
2024-12-05,6.9,77,4.99,40,8.56
2024-12-06,6.9,77,4.34,52,4.64
2024-12-07,5.7,80,3.41,52,10.46
2024-12-08,3.7,84,5.47,69,7.1
2024-12-09,5.1,83,3.64,38,9.33
2024-12-10,4.8,85,2.84,25,10.9
2024-12-11,4.7,85,3.09,39,6.86
2024-12-12,4.0,85,3.45,30,10.65
2024-12-13,3.0,85,4.12,64,3.17
2024-12-14,3.0,80,5.54,78,3.78
2024-12-15,4.3,78,6.17,71,4.9
2024-12-16,5.5,79,4.47,75,4.96
2024-12-17,5.3,77,3.07,69,2.78
2024-12-18,2.7,84,5.54,84,4.4
2024-12-19,1.4,77,3.65,45,11.97
2024-12-20,4.2,84,2.8,64,4.87
2024-12-21,3.8,83,7.05,82,3.68
2024-12-22,1.6,85,5.62,67,6.04
2024-12-23,2.6,86,3.38,43,8.07
2024-12-24,3.9,83,3.66,20,11.33
2024-12-25,4.7,84,3.18,24,10.93
2024-12-26,5.1,83,5.89,41,10.43
2024-12-27,2.8,83,6.32,60,7.52
2024-12-28,1.6,83,6.84,87,2.94
2024-12-29,3.7,79,3.94,41,10.35
2024-12-30,6.1,78,3.63,30,11.5
2024-12-31,4.2,81,5.18,20,11.32
